"DepositType","PhaseCode","RecoveryDrySieve","RecoveryHand","RecoveryOther","RecoveryWaterSieve","SiteID"
NULL,"A1","0","0","1","0","S4608"
NULL,"A3","0","0","1","0","S4609"
NULL,"AARTS","1","1","0","0","S8934"
NULL,"AB","0","0","0","0","S1011"
NULL,"AB1","0","0","0","0","S7427"
NULL,"AB2","0","0","0","0","S7427"
NULL,"AB3","0","0","0","0","S7427"
NULL,"ABL","0","1","0","1","S1104"
"1 pit","ADP","0","0","0","0","S1136"
"Pit fills","AF","0","0","0","0","S4621"
NULL,"AGER","0","0","0","0","S8909"
NULL,"AGG","0","0","0","0","S8913"
NULL,"AGR","1","1","0","0","S1066"
"House foundations","AH","0","0","0","0","S6150"
"Cultural layers","AJD","1","1","0","0","S1048"
NULL,"AKNG1","0","0","0","0","S8018"
NULL,"ALCH","0","0","0","0","S7588"
NULL,"ALD","0","0","0","0","S4587"
NULL,"ALMV","0","0","0","0","S7857"
NULL,"ALS","0","0","0","0","S1071"
NULL,"ALX","0","0","1","0","S1077"
"Pit fills","AMLU","0","0","0","0","S4622"
"1 pit","AMPO","0","0","0","0","S4623"
"3 pits","AMRE1","0","0","0","0","S4624"
"3 pits","AMRE3","0","0","0","0","S4624"
NULL,"ANBG","0","0","0","0","S7859"
"Tomb","AP","0","0","0","0","S1130"
NULL,"ARL","0","0","0","0","S1116"
"1 pit","ARM","0","0","0","0","S1121"
"Barrow fill","ARTD","0","0","0","0","S8900"
NULL,"ASS1","0","1","0","0","S4590"
NULL,"ASS2","0","1","0","0","S4590"
"Cultural layers","AUBIN3","0","1","1","0","S4971"
NULL,"AUBIN4","0","0","0","0","S4971"
"Ditch fills","AUE","0","0","0","0","S4588"
NULL,"AULS","0","1","0","0","S1160"
NULL,"AUW","0","1","1","0","S1127"
"Pit fills","AY","0","0","0","0","S4631"
NULL,"BADO1","0","0","0","0","S7387"
"Pit fills","BAH","0","0","0","0","S4637"
NULL,"BAI","0","0","0","0","S7543"
"Pit fills","BAL1","0","0","0","0","S1195"
"Trench fill","BAL2","0","0","0","0","S1195"
NULL,"BARB","0","0","0","0","S4635"
"Pit fills","BARX","0","0","0","0","S1215"
"Pit fills","BAS","0","0","0","0","S4638"
"Cultural layers (disturbed)","BAVA","0","0","0","0","S1240"
"Cultural layers","BAVR","0","1","1","1","S4636"
"Cultural layers","BAW","0","0","0","0","S4639"
NULL,"BAZ","0","0","0","0","S8945"
"Pit fills","BBM1","0","0","0","0","S1285"
"Trench fill","BBM2","0","0","0","0","S1285"
"11 pits","BBP1","0","0","0","0","S4648"
"14 pits","BBP2","0","0","0","0","S4648"
NULL,"BBT","0","0","0","0","S1180"
NULL,"BC","0","0","0","0","S1272"
NULL,"BCX","1","1","1","0","S4634"
"Ditch fills","BDEM","0","0","0","0","S8878"
"Layers 48-37","BDFON1","0","1","0","1","S3638"
"Layers 36-20","BDFON3","0","1","0","1","S3638"
NULL,"BEB76","0","1","0","0","S1254"
"Cultural layers","BER","0","1","1","0","S4646"
NULL,"BHX","0","1","1","0","S1220"
"Pit fills","BIH","0","0","0","0","S4651"
"Cultural layers","BIRS1","0","0","0","0","S1303"
"Cultural layers","BIRS2","0","0","0","0","S1303"
NULL,"BIS","0","0","0","0","S1307"
NULL,"BJ","1","1","1","1","S4652"
NULL,"BJ2","0","0","1","0","S4652"
"Pit fills","BJBK","0","1","0","1","S1382"
NULL,"BLEA","0","0","0","0","S8894"
NULL,"BLJG","0","0","0","0","S8916"
NULL,"BOKE1","0","0","0","0","S1329"
"Pit fills","BOSD","0","0","0","0","S8896"
"Pit fills","BR1","0","0","0","0","S4657"
"Cultural layers","BRA","0","1","1","1","S1357"
NULL,"BRED","0","0","0","0","S1361"
"Pit/bedding trench fills","BRK1","0","1","0","1","S1388"
"Pit/bedding trench fills","BRK3","0","1","0","1","S1388"
"Pit/bedding trench fills","BRK4","0","1","0","1","S1388"
NULL,"BRNK","0","1","0","0","S7630"
"Pit fills","BRO","0","0","0","0","S1372"
NULL,"BRO2","0","0","0","0","S1372"
NULL,"BRON","0","0","0","0","S1374"
"Pit fills","BRU1","0","0","0","0","S4515"
"Pit fills","BRU2","0","0","0","0","S4515"
NULL,"BRWE","0","0","0","0","S4655"
"Underwater deposits","BS","0","0","0","0","S6153"
"Layer 5b","BSM","0","0","0","0","S4642"
"Cultural layers","BTX","0","1","0","1","S2467"
NULL,"BUC","0","0","0","0","S7573"
NULL,"BUH","0","0","0","0","S7574"
NULL,"BUN","0","0","0","0","S7883"
"Pit fills and wells from within the palisaded enclosure","BUNK","1","1","0","0","S9071"
NULL,"BURY","0","0","0","0","S6249"
"Trench fill","BV","0","0","0","0","S1352"
NULL,"BWL","0","0","0","0","S8951"
"Pit fills","BY","0","0","0","0","S4336"
"Pit/ditch fills","C1","0","1","0","1","S4667"
"Pit/ditch fills","C2","0","1","0","1","S4667"
"Pit/ditch fills","C3","0","1","0","1","S4667"
"Pit fills","C4","0","1","0","1","S4667"
"Ditch fills","CALB","0","0","0","0","S1431"
NULL,"CC","1","1","1","0","S1567"
"Cultural layers","CCC","0","0","0","0","S1490"
"Cultural layers","CCV","0","1","0","1","S1569"
NULL,"CCZ","0","0","0","0","S7591"
"Layers 20-16","CF1","0","0","0","0","S4765"
"Layers 15-14","CF2","0","0","0","0","S4765"
"Ditch/posthole fills","CH","1","0","1","1","S4678"
"Cultural layers","CHARB","0","0","0","0","S8863"
"Ditch fills","CHAT","1","1","0","0","S2771"
"4 pits","CHC","0","0","0","0","S1521"
"Cultural layers","CHILL","0","0","0","0","S1547"
NULL,"CHL2","0","0","0","0","S8873"
NULL,"CHL4","1","0","0","0","S8873"
NULL,"CHL6","1","0","0","0","S8873"
NULL,"CHL8","1","0","0","0","S8873"
"Pit fills","CHOT","0","0","0","0","S4671"
NULL,"CLB","1","1","0","0","S2465"
"2 pits","CLG","0","0","0","0","S4668"
NULL,"CLLIII","0","0","0","0","S8864"
"Ditch fills","CLM","1","1","0","0","S9200"
NULL,"CM1","0","0","0","0","S4610"
"Cultural layers","CM2","0","0","0","0","S4610"
"Cultural layers","CM3","0","0","0","0","S4610"
NULL,"CML","0","0","0","0","S1566"
"Layers 6A-D","COB1","0","0","0","0","S1580"
"Layer 5","COB2","0","0","0","0","S1580"
"Pit fills","COH","0","0","0","0","S4674"
NULL,"COMPG1","0","0","0","0","S1584"
NULL,"COUR","0","0","0","0","S1216"
NULL,"CP-C","0","0","0","0","S7589"
NULL,"CP-FN","0","0","0","0","S7589"
NULL,"CPBA","0","0","0","0","S1502"
NULL,"CPN","0","1","0","0","S1502"
"1 pit","CRB","0","0","0","0","S4677"
"Pit fills/burials","CRE","0","0","0","0","S2641"
"Cultural layers","CRN12","0","0","0","0","S1421"
"Pit fills","CRR1","0","0","0","0","S4676"
"General fills","CSJ","0","0","0","0","S2493"
"17 pits","CSM","0","0","0","0","S1523"
"5 pits/postholes","CSO","0","0","0","0","S4840"
"Pit fills","CYA","0","0","0","0","S4344"
NULL,"D6","0","0","1","0","S4693"
NULL,"D9","0","0","1","0","S4694"
"1 pit","DAG1","0","0","0","0","S4691"
"Pit fills","DAM","0","0","0","0","S4695"
"5 pits","DAV1","0","0","0","0","S4692"
"1 pit","DAV4","0","0","0","0","S4692"
NULL,"DBK","0","0","0","0","S7841"
"Cultural layers","DD","0","0","1","1","S4700"
"Cultural layers","DEBR1","0","1","1","1","S4786"
"Cultural layers, pits","DEBR3","0","1","1","1","S4786"
"Ditch fills","DEH","1","1","0","0","S1675"
NULL,"DEVEK2","0","0","0","0","S8940"
NULL,"DH","0","0","0","0","S2177"
"Cultural layers","DLA","0","0","0","0","S4705"
"Pit fills","DM1","0","1","0","0","S9177"
"Pit fills","DONN","0","0","0","0","S4701"
"Layer 7","DOU1","1","1","0","1","S4703"
"Layer 6","DOU2","1","1","0","1","S4703"
"Layer 5","DOU3","1","1","0","1","S4703"
NULL,"DP2","0","0","0","0","S1696"
"Ground surface","DRC","1","1","0","0","S1748"
"Mainly pit fills","DRCO1","0","1","0","0","S4704"
"Mainly pit fills","DRCO2","0","1","0","0","S4704"
NULL,"DRZ","0","0","0","0","S7664"
NULL,"DRZ2","0","0","0","0","S7664"
NULL,"DRZ3","0","0","0","0","S7664"
NULL,"DUL","0","0","0","0","S4582"
"Ditch fills","DURA","0","0","0","0","S6110"
"Pit/ditch fills","DUTZ","0","0","0","0","S8866"
NULL,"DVQ","0","0","0","0","S6326"
"Post holes, bank and ditch deposits","DW","0","1","1","0","S4707"
NULL,"DYR","0","0","0","0","S8911"
NULL,"E1","0","1","1","1","S4730"
NULL,"E2","0","1","1","1","S4730"
"Midden","EA151","0","1","1","0","S4731"
"Ditch fills","EDLB","0","0","0","0","S1772"
NULL,"EEN","0","0","1","0","S4714"
NULL,"EEV","0","0","0","0","S8942"
NULL,"EG","0","0","0","0","S1835"
NULL,"EGZ2","0","1","0","0","S7590"
"Cultural layers","EGZ3","0","1","1","0","S4359"
"Cultural layers","EGZ4","0","1","1","0","S4711"
"Cultural layers","EGZ5","0","1","1","0","S4712"
NULL,"EIA","0","0","0","0","S4714"
NULL,"EL1","0","0","0","0","S6346"
NULL,"EL2","0","0","0","0","S6346"
NULL,"EL3","0","0","0","0","S6346"
NULL,"ELND1","0","0","0","0","S1819"
NULL,"ELS1","1","1","1","0","S4732"
NULL,"ELS2","1","1","1","0","S4733"
NULL,"ELS4","1","1","1","0","S4734"
"Pit fills","ELS6","1","1","1","0","S4735"
NULL,"ELS7","1","1","1","0","S4736"
"Cultural layers","ELU1","0","1","1","0","S4726"
"Cultural layers","ELU2","0","1","1","0","S4726"
NULL,"EMES","0","0","1","0","S4714"
NULL,"EN56","0","0","0","0","S4719"
NULL,"ENA","0","0","0","0","S4718"
NULL,"ENG","0","0","1","0","S4717"
"Pit fills","ENS1","0","0","0","0","S4720"
NULL,"ERGO","0","0","0","0","S1842"
"Pit fills","ERNO","0","0","0","0","S4722"
"Cultural layers","ERST","0","0","0","0","S4723"
"Pit/ditch fills","ES","0","1","0","0","S1798"
NULL,"ESC1","0","0","0","0","S2724"
NULL,"ESC2","0","0","0","0","S2724"
NULL,"ESC3","0","0","0","0","S2724"
"Pit fills","ET2","0","0","0","0","S1803"
"Pit fills","ETY","0","0","0","0","S2621"
NULL,"FAH","0","0","0","0","S7579"
"Pit fills","FALK","0","0","0","0","S4737"
NULL,"FANP","0","0","0","0","S7908"
NULL,"FBG","0","0","0","0","S7542"
"Shell midden","FC","0","0","1","0","S1896"
NULL,"FDL","1","0","0","0","S8881"
"Cultural layers","FEV","0","1","1","0","S1889"
"Grave fill and mound construction","FF","0","0","0","0","S6374"
NULL,"FIN","0","0","0","0","S2302"
NULL,"FKNG","1","1","0","0","S8925"
"Pit fills","FL","0","0","0","0","S1912"
NULL,"FN","0","0","0","0","S1956"
"Layers 3+4","FRAI","0","0","0","0","S4743"
"11 pits","FRI","0","1","0","1","S1963"
NULL,"FRIE2","0","0","0","0","S6072"
NULL,"FTF1","0","1","1","0","S4740"
NULL,"FTF2","0","1","1","0","S4740"
NULL,"FTF3","0","1","1","0","S4740"
NULL,"FTF4","0","1","1","0","S4740"
NULL,"FTF5","0","1","1","0","S4740"
NULL,"FUSU","0","0","0","0","S1966"
"Cultural layers","GA","0","0","0","0","S4375"
"Cultural layers","GANI","0","1","1","0","S3122"
"Pit fills","GAT","0","0","0","0","S1984"
"Cultural layers","GAZ1","1","1","0","0","S1991"
"Cultural layers","GAZ2","1","1","0","0","S1991"
"Cultural layers","GAZ3","1","1","0","0","S1991"
"Cultural layers","GAZ6","1","1","0","0","S1991"
NULL,"GBL","0","0","0","0","S1237"
NULL,"GBL2","0","0","0","0","S1237"
NULL,"GBL3","0","0","0","0","S1237"
NULL,"GDEC","0","0","0","0","S1538"
"Cultural layers","GDF","0","0","0","0","S1925"
NULL,"GDT","0","0","0","0","S4376"
"Cultural layers","GDUP","0","0","0","0","S8876"
"Cultural layers","GDUP2","0","0","0","0","S8876"
"Layer 8","GE1","0","0","0","0","S4767"
"Layer 7","GE2","0","0","0","0","S4767"
"Layers 62-50","GG","0","0","0","0","S4769"
"Cultural layers","GGB","0","0","0","0","S4769"
"Cultural layers","GGBZ","0","0","0","0","S4769"
"Cultural layers","GGC","0","0","0","0","S4769"
"Cultural layers","GGCAM","0","0","0","0","S4769"
"Pit fills","GNA","0","1","0","0","S4756"
"Pit fills","GNA2","0","1","0","0","S4756"
"Pit fills","GO","0","0","0","0","S2032"
NULL,"GOBIG","0","0","0","0","S6208"
"Pit fills","GOW","0","0","0","0","S2024"
NULL,"GRA","0","0","0","0","S4762"
NULL,"GRAV","0","0","0","0","S8874"
"Cultural layers","GRLO","0","0","0","1","S2841"
NULL,"GRN","0","0","0","0","S2079"
NULL,"GRO2","0","0","0","0","S5108"
NULL,"GRRIVE","0","0","0","0","S2511"
NULL,"GRRIVLM","0","0","0","0","S2511"
NULL,"GRRIVLMEN","0","0","0","0","S2511"
NULL,"GRS1","0","0","0","0","S3621"
NULL,"GRS1BA","0","0","0","0","S3621"
NULL,"GRS1C","0","0","0","0","S3621"
"Pit fills","GRTG1","0","0","0","0","S1759"
NULL,"GRYS1","0","0","0","0","S2074"
"Pit fills","GSPF","0","0","0","0","S8867"
"Cultural layers","GT","0","0","0","0","S2567"
"Cultural layers","GUPL","0","0","1","0","S4895"
NULL,"GW","0","0","0","0","S4370"
NULL,"GW2","0","0","0","0","S4370"
NULL,"GW3","0","0","0","0","S4370"
NULL,"GW4","0","0","0","0","S4370"
"3 pits","HAEL","0","0","0","0","S4788"
NULL,"HAL","0","0","0","0","S7404"
"Pit fills","HAT","0","0","0","0","S4783"
NULL,"HBGT","0","0","0","0","S8918"
NULL,"HCE","0","0","0","0","S4777"
"Cultural layers","HD1","0","0","1","0","S4381"
NULL,"HD4","0","0","0","0","S4381"
NULL,"HEID2","0","0","0","0","S2219"
NULL,"HEKL1","0","0","0","0","S2221"
NULL,"HEKL3","0","0","0","0","S8929"
"Pit fills and trenches","HENE","0","0","0","0","S2220"
"Ditch fills","HENE1","0","0","0","0","S2220"
NULL,"HEO","0","0","0","0","S8943"
"Cultural layers","HESU","0","1","0","0","S2228"
"Pit fills","HET","0","0","0","0","S4794"
"Bank and ditch fills","HH","0","1","1","0","S4380"
"Bank and ditch fills","HH-HS","0","1","1","0","S4380"
"Bank and ditch fills","HH-SS","0","1","1","0","S4380"
NULL,"HJN","0","0","0","0","S8912"
"Pit fills","HK","0","0","0","0","S4383"
"Pit/ditch fills","HK2","0","0","0","0","S4383"
"Mixed pits","HK3","0","0","0","0","S4383"
NULL,"HLB","0","0","0","0","S4778"
NULL,"HM1","0","0","0","0","S2230"
NULL,"HM2","0","0","0","0","S2230"
NULL,"HMF","0","0","0","0","S2259"
"Cultural layers","HODA","0","1","1","0","S4800"
NULL,"HOG","1","1","0","0","S8923"
"Cultural layers","HOHO","0","1","0","1","S2256"
NULL,"HOL","0","0","0","0","S4799"
NULL,"HORSD","0","0","0","0","S8895"
"Cultural layers","HOT","0","1","0","0","S4798"
NULL,"HOTN","0","0","0","0","S8921"
"Cultural layers","HOVA","0","1","1","1","S4797"
"Cultural layers","HU","0","0","0","0","S2275"
NULL,"JAG","0","0","0","0","S7546"
NULL,"JAH","0","0","0","0","S7578"
"Pit fills","JAN","0","0","0","0","S4806"
"Cultural layers","JC","0","0","0","0","S4611"
NULL,"JETT","1","1","0","0","S8391"
NULL,"JH","0","0","0","0","S4808"
"Cultural layers","JO","0","0","0","0","S2334"
"Pit fills and cultural layers","JPC","0","0","0","0","S4805"
NULL,"JUV","0","0","0","0","S2343"
NULL,"K1","0","0","0","0","S2419"
NULL,"K2","0","0","0","0","S2419"
NULL,"K3","0","0","0","0","S2419"
NULL,"KALU","0","0","0","0","S7840"
NULL,"KAME","0","0","0","0","S6074"
"Pit fills","KBR","0","1","0","1","S4392"
NULL,"KBRUG","0","0","1","0","S8952"
"Midden","KF","1","1","1","0","S4819"
"Cultural layers","KHRI","0","1","1","0","S4291"
"Cultural layers","KHRII","0","1","1","0","S4291"
"Pit fills","KI1","0","0","0","0","S4393"
"Pit fills","KI2","0","0","0","0","S4393"
"Pit fills","KI3","0","0","0","0","S4393"
NULL,"KIA","0","0","1","0","S4833"
NULL,"KK16","0","0","0","0","S2427"
NULL,"KL","0","0","1","0","S4820"
"Pit fills","KLE","0","0","0","0","S2409"
"Pit fills","KLIC","0","0","0","0","S4821"
NULL,"KNEO","0","0","1","0","S4833"
NULL,"KO","0","0","1","0","S4812"
"Pit fills","KOF","0","0","0","0","S4823"
"Pit fills","KOGE","0","0","0","0","S4830"
NULL,"KOH","1","1","1","0","S2416"
NULL,"KOL","0","0","0","0","S8950"
NULL,"KON","0","0","0","0","S4825"
"Pit fills","KRA1","0","0","0","0","S4831"
"Pit fills","KRA2","0","0","0","0","S4831"
NULL,"KRP2","0","0","0","0","S7714"
NULL,"KRZL","0","0","0","0","S2439"
"Mainly trenches","KUE","0","1","0","1","S4835"
NULL,"KWII","0","0","0","0","S2419"
NULL,"LAG","0","0","0","0","S4842"
NULL,"LAG5","0","0","0","0","S4842"
"5 pits","LARI","0","0","0","0","S4846"
NULL,"LAS7","0","0","0","0","S7723"
"Pit fills","LCB","0","0","0","0","S4845"
NULL,"LD","0","1","0","0","S4410"
NULL,"LEID1","0","0","0","0","S2708"
"Cultural layers","LELO3","0","1","1","0","S4849"
"Pit fills","LEO","0","0","0","0","S4850"
NULL,"LEO2","0","0","0","0","S4850"
NULL,"LEO3","0","0","0","0","S4850"
NULL,"LEU","0","0","0","0","S4680"
"Pit fills","LFI","0","1","0","0","S2750"
"Pit fills","LFII","0","1","0","0","S2750"
NULL,"LGX","0","0","0","0","S2857"
"Cultural layers","LIBU","0","0","0","0","S2801"
"Cultural layers","LIESB","0","1","1","0","S4854"
"Cultural layers","LIEV","0","0","0","0","S8875"
"26 pits","LIN","0","0","0","0","S4855"
NULL,"LIND",NULL,"1",NULL,NULL,"S8926"
"Pit fills","LINDG","1","1","0","0","S9213"
NULL,"LODS","0","0","0","0","S2835"
NULL,"LOJ1","0","0","0","0","S4858"
NULL,"LOJ2","0","0","0","0","S4858"
NULL,"LOLL","0","0","0","0","S8055"
NULL,"LON","0","0","1","0","S4856"
NULL,"LROB","0","0","0","0","S2551"
"2 pits","LSMII","0","1","0","1","S4859"
"Pit fills","LSMIII","0","0","0","0","S4860"
NULL,"LW8","0","0","0","0","S4405"
NULL,"LYO","0","0","0","0","S8927"
NULL,"MAAJ","0","0","0","0","S8949"
"Pit fills","MAIX","0","0","0","0","S2908"
"Ditch fills","MAIZ","0","0","0","0","S6105"
"Pit fills","MAP","0","0","0","0","S4864"
"5 different features","MAT","0","0","0","0","S2955"
"Cultural layers","MAT1","0","0","0","0","S8871"
"Cultural layers","MAT2","0","0","0","0","S8872"
NULL,"MAU","0","0","0","0","S7545"
"Pit fills","MC","0","0","0","0","S4427"
NULL,"MC1","1","1","1","1","S2902"
NULL,"MC2","1","1","0","1","S2902"
NULL,"MEB","0","0","0","0","S4866"
"Cultural layers","MERO3","0","1","1","0","S4872"
"Cultural layers","MERO5","0","1","1","0","S4872"
NULL,"MESP","0","0","0","0","S7549"
NULL,"MESP2","0","0","0","0","S7549"
NULL,"MEW","0","0","0","0","S7561"
NULL,"MIC","0","0","0","0","S7575"
"Pit fills","MIKU","0","0","0","0","S4878"
NULL,"MKKR","1","1","0","0","S8939"
NULL,"ML1","0","0","0","0","S3061"
NULL,"ML234","0","0","0","0","S8903"
NULL,"MLB","0","0","0","0","S2997"
NULL,"MLDG","0","0","0","0","S8084"
NULL,"MOLD","0","0","0","0","S3005"
NULL,"MOLK-I","0","0","0","0","S8936"
NULL,"MOLK-II","0","0","0","0","S8937"
"Cultural layers, midden","MOLLII","0","1","0","1","S8905"
"Habitation layers/burial deposits","MONT","0","0","0","0","S1594"
NULL,"MP1","0","0","1","0","S4882"
NULL,"MP2","0","0","0","0","S4882"
NULL,"MRO","0","0","0","0","S7734"
NULL,"MSCH","0","1","0","0","S7423"
NULL,"MSEE","0","1","0","0","S3707"
NULL,"MSS","0","0","0","0","S4867"
"Pit/ditch fills","MSTZ","0","0","0","0","S8865"
NULL,"MTSB","0","0","0","0","S8924"
NULL,"MUE","0","0","0","0","S3064"
"Cultural layers","MUNT","0","1","1","0","S4884"
"Cultural layers, pits, trench, ritual offerings","MV","0","1","1","0","S2973"
NULL,"MW","0","0","0","0","S7426"
NULL,"MW4","0","0","0","0","S4426"
NULL,"MZTC","0","1","0","0","S4298"
NULL,"MZTCW","0","1","0","0","S4298"
NULL,"MZTEBA","0","1","0","0","S4298"
NULL,"MZTH","0","1","0","0","S4298"
NULL,"MZTP","0","1","0","0","S4298"
NULL,"N26","0","0","1","0","S4899"
"Cultural layers","NAS","0","1","0","0","S4893"
"Cultural layers, pits","NBO","0","0","0","0","S4896"
NULL,"NDEF","0","0","0","0","S2530"
"Pit fills","NE","0","0","0","0","S4433"
NULL,"NG","0","0","1","0","S3114"
NULL,"NID","0","1","0","0","S7562"
NULL,"NIED","0","0","0","0","S6102"
NULL,"NIG","0","0","0","0","S7402"
NULL,"NMES","0","0","0","0","S4901"
NULL,"NNEO","0","0","0","0","S4901"
NULL,"NOD","0","0","0","0","S8906"
"Pit fills","NODV","0","0","0","0","S4903"
"1 pit","NOR","0","0","0","0","S3138"
"Pit/ditch fills","NOY1","0","0","0","0","S3154"
NULL,"NSLD","0","0","0","0","S8910"
"Pit/post hole fills","NT","0","0","0","0","S3098"
"Wetland","NUS","0","1","1","1","S9140"
NULL,"NWC","0","0","0","0","S7742"
NULL,"NYIII","0","0","0","0","S8930"
NULL,"OBE","0","0","0","0","S7552"
NULL,"ODE","0","0","0","0","S6151"
NULL,"OLG","0","0","0","0","S3195"
NULL,"OLK","0","0","0","0","S7564"
NULL,"OLY","0","0","0","0","S8908"
"Pit fills","ORC","0","0","0","0","S4906"
NULL,"OSL","0","0","0","0","S7555"
"Cultural layers/pit","OUD","0","0","1","0","S4910"
"Mainly midden deposits","P1","1","1","1","1","S4930"
"Mainly midden deposits","P2","1","1","1","1","S4930"
"Pit fills","PBF1","0","0","0","0","S6190"
NULL,"PBST","0","0","0","0","S7559"
NULL,"PCS","0","0","0","0","S3581"
"Cultural layers","PDF","0","0","0","0","S3613"
"Cultural layers","PEN","0","0","0","0","S3277"
"Cultural layers","PEN2","0","0","0","0","S3277"
"Cultural layers","PFBR","0","1","1","0","S3291"
"8 pits","PFH","0","0","0","0","S4914"
NULL,"PIE","0","0","0","0","S4918"
NULL,"PIT","0","0","0","0","S7548"
"Pit fills, layers","PLARB","0","1","0","0","S4768"
"Pit fills, layers","PLARB2","0","0","0","0","S4768"
NULL,"PLB","0","0","0","0","S3251"
"Pit fills","PLF","0","0","0","0","S6536"
NULL,"PN","0","0","0","0","S3339"
NULL,"POGJ","0","1","0","0","S7629"
"5 pits","POMA","0","0","0","0","S4929"
"Cultural layers, 7 pits","PORH","0","0","0","1","S3350"
NULL,"POST2","0","0","0","0","S8922"
"Cultural layers","POSTOS","0","1","1","0","S4931"
NULL,"POTZ","0","0","0","0","S7554"
"Cultural layers","POWE1","0","1","1","1","S4787"
"Cultural layers","POWE12","0","1","1","1","S4787"
"Cultural layers","POWE2","0","1","1","1","S4787"
NULL,"POZ","0","0","0","0","S4933"
"18 pits","PPX","0","0","0","0","S4928"
NULL,"PQ","0","0","1","0","S4917"
NULL,"PRDS1","0","0","0","0","S3374"
NULL,"PRDS2","0","0","0","0","S3374"
"Cultural layers","PRELL","0","0","0","0","S4936"
NULL,"PREN1","0","0","0","0","S8108"
NULL,"PRM","0","0","0","0","S7553"
NULL,"PRZ","0","0","0","0","S4938"
"Pits 1+2","PSL","0","0","1","1","S3320"
NULL,"PSM","0","0","0","0","S3367"
NULL,"PU","0","0","0","0","S7544"
"Pit fills","PULK","0","0","0","0","S3392"
NULL,"PUSC","0","0","0","0","S7556"
"Boreholes","PWOID","0","0","0","0","S8941"
"Cultural layers","RAAU","0","0","0","0","S3426"
NULL,"RAD","0","0","0","0","S3420"
NULL,"RADW","0","1","0","0","S7628"
"Pit/ditch fills","RANSD","0","1","0","0","S5149"
"Pit fills","RARON","0","1","1","0","S4943"
"Pit fills","RAT","0","1","0","0","S4945"
"River sediments/dry land sediments","RB","1","1","1","0","S3563"
"River sediments","RB2","0","1","1","0","S3563"
"Pit/ditch fills","RBP","1","1","0","0","S8899"
"Trench fill","RDB","1","0","0","0","S8884"
NULL,"RDS","0","0","0","0","S8946"
NULL,"REBA","0","0","0","0","S4947"
"59 pits","REI1","0","1","0","1","S3450"
"2 pits","REI2","0","1","0","0","S3450"
NULL,"REKU","0","0","0","0","S4948"
NULL,"REPU","0","0","1","0","S4949"
NULL,"RES","0","0","0","0","S3464"
"Pit fills","RF","0","0","0","1","S3534"
NULL,"RG","0","1","0","0","S4452"
"Pit fills","RGF","0","0","0","0","S6583"
NULL,"RH","0","0","0","0","S7576"
NULL,"RI2","0","0","0","0","S7217"
NULL,"RING1","0","0","0","0","S8112"
"Pit fills","RLO1","0","0","0","0","S4960"
NULL,"RMA","0","0","0","0","S7558"
NULL,"ROCH","0","0","0","0","S8877"
"Cultural layers","ROHO","0","0","0","0","S3535"
"Cultural layers","RORITZ","0","0","1","1","S4958"
"Cultural layers","ROSI","0","1","0","0","S4962"
"Pit fills","ROTF","0","1","0","1","S4963"
NULL,"ROUF","0","0","0","0","S4964"
"Pit fills","ROZ1","0","0","0","0","S4966"
"Pit fills","ROZ2","0","0","0","0","S4966"
NULL,"RS1","0","0","0","0","S6155"
"1 pit","RSH","0","0","0","0","S4961"
NULL,"RUE1","0","0","0","0","S3556"
NULL,"RUHE","0","0","0","0","S4791"
"Pit fills","RW","0","1","0","1","S4455"
NULL,"RYB","1","1","0","0","S7627"
NULL,"S-LATVI","0","0","0","0","S7568"
NULL,"SA2","0","0","0","0","S3692"
NULL,"SAFOE","0","0","0","0","S3670"
"Pit fills","SAL","0","0","0","0","S4975"
NULL,"SALP","0","0","0","0","S8920"
NULL,"SAX","0","0","0","0","S8917"
NULL,"SB","0","0","0","0","S3785"
NULL,"SBC1","0","0","0","0","S8868"
NULL,"SBC2","0","0","0","0","S8868"
"Cultural layers","SBS","0","1","1","0","S4985"
"Cultural layers","SBSW","0","1","1","0","S4986"
NULL,"SCB","0","0","0","0","S7424"
NULL,"SCB2","0","0","0","0","S7424"
NULL,"SCB3","0","0","0","0","S7424"
NULL,"SCBG","0","0","0","0","S6091"
"Pit/ditch fills","SCE","0","0","0","0","S3852"
NULL,"SCH","0","0","0","0","S3690"
NULL,"SCHE","0","0","0","0","S4589"
"Pit fills and cultural layers","SCHEBO1","0","1","1","0","S4981"
"Cultural layers","SCHEBO2","0","1","1","0","S4981"
"Cultural layers, pits, ditches","SCHI","0","1","1","1","S4982"
"Sand shore/embankment","SCHOETZ","0","1","1","0","S4207"
"Cultural layers","SD","0","1","0","1","S3691"
"Pit fills","SEE","0","0","0","0","S3709"
NULL,"SEEA","0","0","0","0","S3710"
NULL,"SEES","0","0","0","0","S3711"
NULL,"SEMR1","0","0","0","0","S3727"
NULL,"SEMR2","0","0","0","0","S3727"
"Cultural layers, fire pits","SEVPF","0","1","1","0","S4988"
"Pit fills","SFX","0","0","0","0","S3698"
"Tunnel cuttings and ditch fills","SH","0","1","0","0","S4991"
"Post hole fills","SHN","1","1","0","1","S8953"
NULL,"SI1","0","0","0","0","S6088"
NULL,"SI2","0","0","0","0","S6088"
"Pit fills","SIGUE","0","1","1","0","S4993"
"Floors, pits, graves","SIPC","0","1","1","0","S4992"
"Cultural layers, pits, fireplaces, post-holes","SIPLA","0","1","1","0","S4995"
"Pit fills","SIRITZ","0","1","1","0","S4994"
NULL,"SISU","0","1","0","1","S3769"
NULL,"SIT","1","1","0","0","S8931"
NULL,"SKAG","0","0","0","0","S8933"
NULL,"SKAI","0","0","0","0","S8915"
NULL,"SKAII","0","0","0","0","S8914"
NULL,"SKMT","0","0","0","0","S8145"
"Layer 3","SMI3","0","0","0","0","S3604"
NULL,"SMK1","0","0","0","0","S8149"
"Pit/post hole fills","SN","0","0","0","0","S4467"
NULL,"SONN","0","0","0","0","S7551"
NULL,"SPDG","0","0","0","0","S8158"
NULL,"SPH","1","1","0","0","S9178"
"Filled-in mine shafts","SPII","0","0","1","0","S5002"
"Cultural layers, pit fills, ditch fills","SPIII","0","0","0","0","S4458"
NULL,"SR8","0","0","0","0","S7774"
"Ditch fills","SRF","0","0","0","0","S3851"
"Ditch fills","SSX","0","0","0","0","S5007"
NULL,"STBR","0","0","0","0","S3868"
NULL,"STCA","0","1","0","0","S5012"
NULL,"STF","0","0","0","0","S7425"
NULL,"STH2","0","0","0","0","S3876"
NULL,"STI","0","0","0","0","S7403"
"Pit fills","STLEO","0","1","1","0","S3630"
NULL,"STO","0","0","0","0","S7547"
"Pit/ditch fills, house structures","STRL1","0","0","0","0","S5009"
"House structures","STRL2","0","0","0","0","S5009"
"Pit fills","STRZ","0","0","0","0","S3894"
"Pit fills and cultural layers","STV","0","0","0","0","S3895"
NULL,"STW","0","0","0","0","S3884"
"Cultural layers","SW3","0","1","1","1","S4469"
NULL,"SZLA","0","0","0","0","S7804"
NULL,"SZM","0","0","0","0","S3861"
NULL,"SZW","0","0","0","0","S3893"
NULL,"TAGR1","0","0","0","0","S8182"
"4 pits and 1 cultural layer","TBO","0","1","0","1","S5040"
"Cultural layers","TCP","0","0","0","0","S4039"
"Foundation trenches","TD","0","0","1","0","S3936"
NULL,"TEM1","0","0","0","0","S6103"
NULL,"TEM2","0","0","0","0","S6103"
"Ditch fills","TEP","0","0","0","0","S8870"
NULL,"THIE","0","0","1","0","S5027"
"Pit fills","THILL","1","1","0","0","S8898"
"Cultural layers","THUN","0","1","1","0","S5028"
"Underwater deposits","TIM3","0","0","0","0","S7405"
"Mainly midden deposits","TN1","1","1","1","1","S5034"
NULL,"TN2","1","1","1","1","S5034"
NULL,"TN3","1","1","1","1","S5034"
NULL,"TRM2","0","0","0","0","S7812"
NULL,"TRM36","0","0","0","0","S5037"
NULL,"TRM58","0","0","0","0","S5038"
"Pit fills","TRO","0","0","0","0","S5039"
NULL,"TROL","0","0","0","0","S4555"
"Cultural layers","TSCHAE","0","1","1","0","S5041"
"General fills","TSM","0","0","0","0","S8879"
NULL,"TVIG","0","0","0","0","S8197"
NULL,"TWD","1","1","0","0","S8897"
"Cultural layers","TWNC","0","1","1","0","S4062"
NULL,"UM2","0","0","0","0","S7563"
NULL,"UST","0","0","0","0","S3921"
"1 pit","UW","0","0","0","0","S5045"
NULL,"V105","0","0","1","0","S5048"
NULL,"V44","0","0","1","0","S5049"
NULL,"V49","0","0","1","0","S5050"
NULL,"V86","0","0","0","0","S5051"
NULL,"VAHL","0","0","0","0","S6126"
"Pit/ditch fills, house structures","VAI","0","1","0","1","S5047"
NULL,"VAY","0","0","0","0","S8869"
NULL,"VB1","0","0","0","0","S4176"
NULL,"VC1","0","0","0","0","S4139"
NULL,"VC2","0","0","0","0","S4139"
NULL,"VEJ","0","0","0","0","S8907"
NULL,"VID","0","0","0","0","S4143"
NULL,"VID2","0","0","0","0","S4143"
NULL,"VID3","0","0","0","0","S4143"
NULL,"VILL","0","0","0","0","S8448"
NULL,"VL3","0","0","0","0","S4164"
"Pit fills","VTOL","0","0","0","0","S4154"
"Pit fills","WA","0","0","0","0","S4191"
NULL,"WAW2","0","0","0","0","S7829"
NULL,"WAY","0","0","0","0","S4210"
NULL,"WDH2","0","1","1","0","S5067"
NULL,"WEG12","0","0","0","0","S7817"
"Pit fills","WEI","0","0","0","0","S5062"
"2 pits","WEST","0","0","0","0","S5065"
"Pit fills","WET1","0","0","0","0","S3470"
"Pit fills","WET4","0","0","0","0","S3470"
NULL,"WETZH","0","0","0","0","S7580"
NULL,"WEY","0","0","0","0","S7550"
"Old land surface and pre-enclosure bank","WH1","1","1","1","1","S4235"
"Enclosure ditch fills","WH3","1","1","1","1","S4235"
"Tertiary fill of enclosure fill ","WH4","1","1","1","1","S4235"
"Pit/ditch fills","WHD","1","1","0","0","S8901"
"Pit fills","WHX","0","0","0","0","S4501"
"Pit fills","WHX2","0","0","0","0","S4501"
NULL,"WIT","0","0","0","0","S6094"
NULL,"WKLB","0","1","0","0","S5063"
NULL,"WKP","0","1","1","0","S5064"
NULL,"WM","0","0","0","0","S6147"
"Cultural layers","WSX","0","0","0","1","S4189"
NULL,"WSX1","0","0","0","0","S4189"
"Cultural layers, pits","WT","0","1","1","1","S5061"
NULL,"WZ2","0","0","0","0","S9168"
"Cultural layers","YVGM1","0","1","1","0","S5068"
"Cultural layers","YVGM2","0","1","1","0","S5068"
"Cultural layers, sondages, cesspit","YVON3","0","0","1","0","S5069"
NULL,"ZAL","0","0","0","0","S5071"
NULL,"ZAP","0","0","0","0","S7851"
"Cultural layers","ZHAKCW","0","0","0","0","S4288"
"Cultural layers","ZHAKH","0","0","0","0","S4288"
"Cultural layers","ZHAKJ","0","1","1","0","S4288"
"Cultural layers","ZHAKL","0","1","1","0","S4288"
"Pit fills","ZHD","0","0","0","0","S8880"
"Cultural layers","ZHKAN9","0","1","1","0","S5080"
"Cultural layers","ZHKANCW","0","1","0","0","S5080"
"Cultural layers","ZHKANH","0","1","0","0","S5080"
"Cultural layers","ZHKANP","0","1","0","0","S5080"
"Cultural layers","ZHKH4G","0","1","1","0","S4291"
NULL,"ZO","0","0","0","0","S5075"
"Pit fills","ZOR","0","0","0","0","S5076"
NULL,"ZSA1","0","0","0","0","S8883"
NULL,"ZSA2","0","0","0","0","S8883"
NULL,"ZUK","0","0","0","0","S5081"
NULL,"ZUM","0","0","0","0","S7592"
NULL,"ZUM2","0","0","0","0","S7592"
NULL,"ZWJ","0","0","0","0","S3727"
