"Class","Family","FullNameOfTaxon","Genus","Order","Phylum","Species","TaxonCode","WildDomesticStatus","TaxonCategory"
"Actinopterygii","Cyprinidae","Abramis bjoerkna","Abramis","Cypriniformes","Chordata","bjoerkna","abrabjo","wild","Fish"
"Pisces","Cyprinidae","Abramis brama","Abramis","Cypriniformes","Chordata","brama","abrabra","wild","Fish"
"Actinopterygii","Cyprinidae","Abramis species","Abramis","Cypriniformes","Chordata",NULL,"abraspe","wild","Fish"
"Aves","Accipitridae","Accipiter gentilis","Accipiter","Falconiformes","Chordata","gentilis","accigen","wild","Bird"
"Aves",NULL,"Accipitriformes ",NULL,"Accipitriformes","Chordata",NULL,"acciind","wild","Bird"
"Aves","Accipitridae","Accipiter nisus","Accipiter","Falconiformes","Chordata","nisus","accinis","wild","Bird"
"Actinopterygii","Acipenseridae","Accipenser Sturio","Acipenser","Acipenseriformes","Chordata","sturio","accistu","wild","Fish"
"Actinopterygii","Percidae","Acerina cernua/Gymnocephalus cernuus","Acerina","Perciformes","Chordata","cernua","acercer","wild","Fish"
"Actinopterygii","Acipenseridae","Acipenser sturio","Acipenser","Acipenseriformes","Chordata","sturio","acipstu","wild","Fish"
"Aves","Acrocephalidae","Acrocephalus palustris","Acrocephalus","Passeriformes","Chordata","palustris","acropal","wild","Bird"
"Aves","Alaudidae","Alauda arvensis","Alauda","Passeriformes","Chordata","arvensis","alauarv","wild","Bird"
"Actinopterygii","Cyprinidae","Alburnus alburnus","Alburnus","Cypriniformes","Chordata","alburnus","albualb","wild","Fish"
"Aves","Alcidae","Alca impennis","Alca","Charadriiformes","Chordata","impennis","alcaimp","wild","Bird"
"Aves","Alcidae","Alca torda","Alca","Charadriiformes","Chordata","torda","alcator","wild","Bird"
"Mammalia","Cervidae","Alces alces","Alces","Artiodactyla","Chordata","alces","alcealc","wild","Land mammal"
"Aves","Alcidae","Alcidae ",NULL,"Charadriiformes","Chordata",NULL,"alciind","wild","Bird"
"Aves","Phasianidae","Alectoris rufa","Alectoris","Galliformes","Chordata","rufa","alecruf","wild","Bird"
"Actinopterygii","Clupeidae","Alosa alosa","Alosa","Clupeiformes","Chordata","alosa","alosalo","wild","Fish"
"Actinopterygii","Clupeidae","Alosa fallax","Alosa","Clupeiformes","Chordata","fallax","alosfal","wild","Fish"
"Actinopterygii","Clupeidae","Alosa species","Alosa","Clupeiformes","Chordata",NULL,"alosspe","wild","Fish"
"Actinopterygii","Ammodytidae","Ammondytes species","Ammondytes","Perciformes","Chordata",NULL,"ammospe","wild","Fish"
"Amphibia",NULL,"Amphibia ",NULL,NULL,"Chordata",NULL,"amphind","wild","Amphibia"
"Aves","Anatidae","Anas acuta","Anas","Anseriformes","Chordata","acuta","anasacu","wild","Bird"
"Aves","Anatidae","Anas clypeata","Anas","Anseriformes","Chordata","clypeata","anascly","wild","Bird"
"Aves","Anatidae","Anas crecca","Anas","Anseriformes","Chordata","crecca","anascre","wild","Bird"
"Aves","Anatidae","Anas penelope","Anas","Anseriformes","Chordata","penelope","anaspen","wild","Bird"
"Aves","Anatidae","Anas platyrhynchos","Anas","Anseriformes","Chordata","platyrhynchos","anaspla","wild","Bird"
"Aves","Anatidae","Anas querquedula","Anas","Anseriformes","Chordata","querquedula","anasque","wild","Bird"
"Aves","Anatidae","Anas species","Anas","Anseriformes","Chordata",NULL,"anasspe","wild","Bird"
"Aves","Anatidae","Anas strepera","Anas","Anseriformes","Chordata","strepera","anasstr","wild","Bird"
"Aves","Anatidae","Anatidae ",NULL,"Anseriformes","Chordata",NULL,"anatind","wild","Bird"
"Actinopterygii","Anguillidae","Anguilla anguilla","Anguilla","Anguilliformes","Chordata","anguilla","anguang","wild","Fish"
"Aves","Anatidae","Anser albifrons","Anser","Anseriformes","Chordata","albifrons","ansealb","wild","Bird"
"Aves","Anatidae","Anser anser","Anser","Anseriformes","Chordata","anser","anseans","wild","Bird"
"Aves","Anatidae","Anser fabalis","Anser","Anseriformes","Chordata","fabalis","ansefab","wild","Bird"
"Aves",NULL,"Anseriformes ",NULL,"Anseriformes","Chordata",NULL,"anseind","wild","Bird"
"Aves","Anatidae","Anser species","Anser","Anseriformes","Chordata",NULL,"ansespe","wild","Bird"
"Aves","Motacillidae","Anthus pratensis","Anthus","Passeriformes","Chordata","pratensis","anthpra","wild","Bird"
"Aves","Motacillidae","Anthus species","Anthus","Passeriformes","Chordata",NULL,"anthspe","wild","Bird"
"Aves","Motacillidae","Anthus trivialis","Anthus","Passeriformes","Chordata","trivialis","anthtri","wild","Bird"
"Amphibia",NULL,"Anures ",NULL,"Anura","Chordata",NULL,"anurind","wild","Reptile"
"Mammalia","Muridae","Apodemus flavicollis","Apodemus","Rodentia","Chordata","flavicollis","apodfla","wild","Rodent"
"Mammalia","Muridae","Apodemus species","Apodemus","Rodentia","Chordata",NULL,"apodspe","wild","Rodent"
"Mammalia","Muridae","Apodemus sylvaticus","Apodemus","Rodentia","Chordata","sylvaticus","apodsyl","wild","Rodent"
"Aves","Accipitridae","Aquila chrysaetos","Aquila","Accipitriformes","Chordata","chrysaetos","aquichr","wild","Bird"
"Aves","Accipitridae","Aquila pomarina","Aquila","Accipitriformes","Chordata","pomarina","aquipom","wild","Bird"
"Aves","Accipitridae","Aquila species","Aquila","Accipitriformes","Chordata",NULL,"aquispe","wild","Bird"
"Aves","Ardeidae","Ardea cinerea","Ardea","Ciconiiformes","Chordata","cinerea","ardecin","wild","Bird"
"Aves","Ardeidae","Ardeidae ",NULL,"Ciconiiformes","Chordata",NULL,"ardeind","wild","Bird"
"Aves","Ardeidae","Ardea purpurea","Ardea","Ciconiiformes","Chordata","purpurea","ardepur","wild","Bird"
"Aves","Ardeidae","Ardea species","Ardea","Ciconiiformes","Chordata",NULL,"ardespe","wild","Bird"
"Aves","Scolopacidae","Arenaria interpres","Arenaria","Charadriiformes","Chordata","interpres","arenint","wild","Bird"
"Mammalia","Cricetidae","Arvicola species","Arvicola","Rodentia","Chordata",NULL,"arvispe","wild","Rodent"
"Mammalia","Cricetidae","Arvicola terrestris","Arvicola","Rodentia","Chordata","terrestris","arviter","wild","Rodent"
"Aves","Strigidae","Asio flammeus","Asio","Strigiformes","Chordata","flammeus","asiofla","wild","Bird"
"Aves","Strigidae","Asio otus","Asio","Strigiformes","Chordata","otus","asiootu","wild","Bird"
"Actinopterygii","Cyprinidae","Aspius aspius","Aspius","Cypriniformes","Chordata","aspius","aspiasp","wild","Fish"
"Aves","Strigidae","Athene noctua","Athene","Strigiformes","Chordata","noctua","athenoc","wild","Bird"
"Aves",NULL,"Aves ",NULL,NULL,"Chordata",NULL,"avesind","wild/domestic","Bird"
"Aves","Anatidae","Aythya ferina","Aythya","Anseriformes","Chordata","ferina","aythfer","wild","Bird"
"Aves","Anatidae","Aythya fuligula","Aythya","Anseriformes","Chordata","fuligula","aythful","wild","Bird"
"Aves","Anatidae","Aythya marila","Aythya","Anseriformes","Chordata","marila","aythmar","wild","Bird"
"Aves","Anatidae","Aythya nyroca","Aythya","Anseriformes","Chordata","nyroca","aythnyr","wild","Bird"
"Aves","Anatidae","Aythya species","Aythya","Anseriformes","Chordata",NULL,"aythspe","wild","Bird"
"Actinopterygii","Cyprinidae","Barbus barbus","Barbus","Cypriniformes","Chordata","barbus","barbbar","wild","Fish"
"Actinopterygii","Belonidae","Belone belone","Belone","Beloniformes","Chordata","belone","belobel","wild","Fish"
"Mammalia","Bovidae","Bison bonasus","Bison","Artiodactyla","Chordata","bonasus","bisobon","wild","Land mammal"
"Mammalia","Bovidae","Bison bonasus/Bos primigenius",NULL,"Artiodactyla","Chordata",NULL,"bisobos","wild","Land mammal"
"Mammalia","Bovidae","Bos primigenius","Bos","Artiodactyla","Chordata","primigenius","bosprim","wild","Land mammal"
"Mammalia","Bovidae","Bos species","Bos","Artiodactyla","Chordata",NULL,"bosspec","wild/domestic","Land mammal"
"Mammalia","Bovidae","Bos species","Bos","Artiodactyla","Chordata",NULL,"bossw-d","wild & domestic","Land mammal"
"Mammalia","Bovidae","Bos taurus","Bos","Artiodactyla","Chordata","taurus","bostaur","domestic","Land mammal"
"Aves","Ardeidae","Botaurus stellaris","Botaurus","Ciconiiformes","Chordata","stellaris","botaste","wild","Bird"
"Mammalia","Bovidae","Bovidae ",NULL,"Artiodactyla","Chordata",NULL,"boviind","wild/domestic","Land mammal"
"Aves","Anatidae","Branta bernicla","Branta","Anseriformes","Chordata","bernicla","branber","wild","Bird"
"Aves","Anatidae","Branta leucopsis","Branta","Anseriformes","Chordata","leucopsis","branleu","wild","Bird"
"Aves","Anatidae","Branta species","Branta","Anseriformes","Chordata",NULL,"branspe","wild","Bird"
"Aves","Strigidae","Bubo bubo","Bubo","Strigiformes","Chordata","bubo","bubobub","wild","Bird"
"Aves","Anatidae","Bucephala clangula","Bucephala","Anseriformes","Chordata","clangula","bucecla","wild","Bird"
"Amphibia","Bufonidae","Bufo bufo","Bufo","Anura","Chordata","bufo","bufobuf","wild","Reptile"
"Amphibia","Bufonidae","Bufo species","Bufo","Anura","Chordata",NULL,"bufospe","wild","Reptile"
"Amphibia","Bufonidae","Bufo viridis","Bufo","Anura","Chordata","viridis","bufovir","wild","Reptile"
"Aves","Accipitridae","Buteo buteo","Buteo","Falconiformes","Chordata","buteo","butebut","wild","Bird"
"Aves","Accipitridae","Buteo species","Buteo","Accipitriformes","Chordata",NULL,"butespe","wild","Bird"
"Aves","Scolopacidae","Calidris alpina","Calidris","Charadriiformes","Chordata","alpina","calialp","wild","Bird"
"Aves","Scolopacidae","Calidris canutus","Calidris","Charadriiformes","Chordata","canutus","calican","wild","Bird"
"Aves","Scolopacidae","Calidris species","Calidris","Charadriiformes","Chordata",NULL,"calispe","wild","Bird"
"Actinopterygii","Callionymidae","Callionymus lyra","Callionymus","Perciformes","Chordata","lyra","calllyr","wild","Fish"
"Mammalia","Canidae","Canis familiaris","Canis","Carnivora","Chordata","familiaris","canifam","domestic","Land mammal"
"Mammalia","Canidae","Canidae ",NULL,"Carnivora","Chordata",NULL,"caniind","wild/domestic","Land mammal"
"Mammalia","Canidae","Canis lupus","Canis","Carnivora","Chordata","lupus","canilup","wild","Land mammal"
"Mammalia","Canidae","Canis species","Canis","Carnivora","Chordata",NULL,"canispe","wild/domestic","Land mammal"
"Mammalia","Canidae","Canis species","Canis","Carnivora","Chordata",NULL,"caniw-d","wild & domestic","Land mammal"
"Mammalia","Cervidae","Capreolus capreolus","Capreolus","Artiodactyla","Chordata","capreolus","caprcap","wild","Land mammal"
"Aves","Caprimulgidae","Caprimulgus europaeus","Caprimulgus","Caprimulgiformes","Chordata","europaeus","capreur","wild","Bird"
"Mammalia","Bovidae","Capra hircus","Capra","Artiodactyla","Chordata","hircus","caprhir","domestic","Land mammal"
"Mammalia","Bovidae","Capra ibex","Capra","Artiodactyla","Chordata","ibex","capribe","wild","Land mammal"
"Mammalia","Bovidae","Capra pyrenaica","Capra","Artiodactyla","Chordata","pyrenaica","caprpyr","wild","Land mammal"
"Mammalia","Bovidae","Capra species","Capra","Artiodactyla","Chordata",NULL,"caprspe","wild/domestic","Land mammal"
"Actinopterygii","Cyprinidae","Carassius carassius","Carassius","Cypriniformes","Chordata","carassius","carcara","wild","Fish"
"Aves","Fringillidae","Carduelis carduelis","Carduelis","Passeriformes","Chordata","carduelis","cardcar","wild","Bird"
"Mammalia",NULL,"Carnivore small",NULL,"Carnivora","Chordata",NULL,"carinds","wild","Land mammal"
"Mammalia",NULL,"Carnivora ",NULL,"Carnivora","Chordata",NULL,"carnind","wild/domestic","Land mammal"
"Aves","Ardeidae","Casmerodius albus","Casmerodus","Ciconiiformes","Chordata","albus","casmalb","wild","Bird"
"Mammalia","Castoridae","Castor fiber","Castor","Rodentia","Chordata","fiber","castfib","wild","Rodent"
"Aves","Alcidae","Cepphus grylle","Cepphus","Charadriiformes","Chordata","grylle","ceppgry","wild","Bird"
"Mammalia","Cervidae","Cervus elaphus","Cervus","Artiodactyla","Chordata","elaphus","cervela","wild","Land mammal"
"Mammalia","Cervidae","Cervidae ",NULL,"Artiodactyla","Chordata",NULL,"cervind","wild","Land mammal"
"Mammalia","Cervidae","Cervus species","Cervus","Artiodactyla","Chordata",NULL,"cervspe","wild","Land mammal"
"Mammalia",NULL,"Cetacea ",NULL,"Cetacea","Chordata",NULL,"cetaind","wild","Marine mammal"
"Aves",NULL,"Charadriiformes ",NULL,"Charadriiformes","Chordata",NULL,"charind","wild","Bird"
"Reptilia",NULL,"Chelonia mydas",NULL,"Testudines","Chordata","mydas","chelmyd","wild","Marine mammal"
"Mammalia",NULL,"Chiroptera ",NULL,"Chiroptera","Chordata",NULL,"chirind","wild","Bat"
"Actinopterygii","Cyprinidae","Chondostroma nasus","Chondostroma","Cypriniformes","Chordata","nasus","chonnas","wild","Fish"
"Aves","Ciconiidae","Ciconia ciconia","Ciconia","Ciconiiformes","Chordata","ciconia","cicocic","wild","Bird"
"Aves","Ciconiidae","Ciconia species","Ciconia","Ciconiiformes","Chordata",NULL,"cicospe","wild","Bird"
"Aves","Cinclidae","Cinclus cinclus","Cinclus","Passeriformes","Chordata","cinclus","cinccin","wild","Bird"
"Aves","Accipitridae","Circus aeruginosus","Circus","Falconiformes","Chordata","aeruginosus","circaer","wild","Bird"
"Aves","Accipitridae","Circus cyaneus","Circus","Falconiformes","Chordata","cyaneus","circcya","wild","Bird"
"Aves","Accipitridae","Circaetus gallicus","Circaetus","Falconiformes","Chordata","gallicus","circgal","wild","Bird"
"Aves","Accipitridae","Circus species","Circus","Falconiformes","Chordata",NULL,"circspe","wild","Bird"
"Aves","Anatidae","Clangula hyemalis","Clangula","Anseriformes","Chordata","hyemalis","clanhye","wild","Bird"
"Mammalia","Muridae","Clethrionomys glareolus","Clethrionomys","Rodentia","Chordata","glareolus","cletgla","wild","Rodent"
"Actinopterygii","Clupeidae","Clupea harengus","Clupea","Clupeiformes","Chordata","harengus","cluphar","wild","Fish"
"Actinopterygii","Clupeidae","Clupeidae ",NULL,"Clupeiformes","Chordata",NULL,"clupind","wild","Fish"
"Aves","Fringillidae","Coccothraustes coccothraustes","Coccothraustes","Passeriformes","Chordata","coccothraustes","cocccoc","wild","Bird"
"Aves",NULL,"Columbiformes ",NULL,"Columbiformes","Chordata",NULL,"coluind","wild","Bird"
"Aves","Columbidae","Columba livia","Columba","Columbiformes","Chordata","livia","coluliv","wild","Bird"
"Aves","Columbidae","Columba palumbus","Columba","Columbiformes","Chordata","palumbus","colupal","wild","Bird"
"Aves","Columbidae","Columba species","Columba","Columbiformes","Chordata",NULL,"coluspe","wild","Bird"
"Actinopterygii","Congridae","Conger conger","Conger","Anguilliformes","Chordata","conger","congcon","wild","Fish"
"Actinopterygii","Salmonidae","Coregonus lavaretus","Coregonus","Salmoniformes","Chordata","lavaretus","corelav","wild","Fish"
"Actinopterygii","Salmonidae","Coregonus oxyrinchus","Coregonus","Salmoniformes","Chordata","oxyrinchus","coreoxy","wild","Fish"
"Actinopterygii","Salmonidae","Coregonus species","Coregonus","Salmoniformes","Chordata",NULL,"corespe","wild","Fish"
"Aves","Corvidae","Corvus corone","Corvus","Passeriformes","Chordata","corone","corvcor","wild","Bird"
"Aves","Corvidae","Corvus corax","Corvus","Passeriformes","Chordata","corax","corvcox","wild","Bird"
"Aves","Corvidae","Corvus frugilegus","Corvus","Passeriformes","Chordata","frugilegus","corvfru","wild","Bird"
"Aves","Corvidae","Corvidae ",NULL,"Passeriformes","Chordata",NULL,"corvind","wild","Bird"
"Aves","Corvidae","Corvus monedula","Corvus","Passeriformes","Chordata","monedula","corvmon","wild","Bird"
"Aves","Corvidae","Corvus species","Corvus","Passeriformes","Chordata",NULL,"corvspe","wild","Bird"
"Aves","Phasianidae","Coturnix coturnix","Coturnix","Galliformes","Chordata","coturnix","cotucot","wild","Bird"
"Aves","Rallidae","Crex crex","Crex","Gruiformes","Chordata","crex","crexcre","wild","Bird"
"Mammalia","Cricetidae","Cricetus cricetus","Cricetus","Rodentia","Chordata","cricetus","criccri","wild","Rodent"
"Mammalia","Soricidae","Crocidura russula","Crocidura","Soricomorpha","Chordata","russula","crocrus","wild","Rodent"
"Mammalia","Soricidae","Crocidura species","Crocidura","Soricomorpha","Chordata",NULL,"crocspe","wild","Rodent"
"Aves","Anatidae","Cygnus bewickii","Cygnus","Anseriformes","Chordata","bewickii","cygnbew","wild","Bird"
"Aves","Anserinae","Cygnus columbianus","Cygnus","Anseriformes","Chordata","columbianus","cygncol","wild","Bird"
"Aves","Anatidae","Cygnus cygnus","Cygnus","Anseriformes","Chordata","cygnus","cygncyg","wild","Bird"
"Aves","Anatidae","Cygnus olor","Cygnus","Anseriformes","Chordata","olor","cygnolo","wild","Bird"
"Aves","Anatidae","Cygnus species","Cygnus","Anseriformes","Chordata",NULL,"cygnspe","wild","Bird"
"Actinopterygii","Cyprinidae","Cyprinus carpio","Cyprinus","Cypriniformes","Chordata","carpio","cyprcar","wild","Fish"
"Pisces","Cyprinidae","Cyprinidae ",NULL,"Cypriniformes","Chordata",NULL,"cyprind","wild","Fish"
"Mammalia","Cervidae","Dama dama mesopotamica","Dama","Artiodactyla","Chordata","dama mesopotamica","damadam","wild","Land mammal"
"Chondrichthyes","Dasyatidae","Dasyatis pastinaca","Dasyatis","Myliobatiformes","Chordata","pastinaca","dasypas","wild","Fish"
"Mammalia","Delphinidae","Delphinus delphis","Delphinus","Cetacea","Chordata","delphis","delpdel","wild","Marine mammal"
"Aves","Picidae","Dendrocopos major","Dendrocopos","Piciformes","Chordata","major","dendmaj","wild","Bird"
"Actinopterygii","Moronidae","Dicentrarchus labrax","Dicentrarchus","Perciformes","Chordata","labrax","dicelab","wild","Fish"
"Aves","Accipitridae","Accipitridae ",NULL,"Falconiformes","Chordata",NULL,"elanind","wild","Bird"
"Chondrichthyes",NULL,"Elasmobranchii ",NULL,NULL,"Chordata",NULL,"elasind","wild","Fish"
"Mammalia","Gliridae","Eliomys quercinus","Eliomys","Rodentia","Chordata","quercinus","elioque","wild","Rodent"
"Aves","Emberizidae","Emberiza citrinella","Emberiza","Passeriformes","Chordata","citrinella","embecit","wild","Bird"
"Aves","Emberizidae","Emberiza species","Emberiza","Passeriformes","Chordata",NULL,"embespe","wild","Bird"
"Reptilia","Emydidae","Emys orbicularis","Emys","Testudines","Chordata","orbicularis","emysorb","wild","Reptile"
"Amphibia","Bufonidae","Epidalea calamita","Epidalea","Anura","Chordata","calamita","epidcal","wild","Reptile"
"Mammalia","Equidae","Equus caballus","Equus","Perissodactyla","Chordata","caballus","equucab","wild/domestic","Land mammal"
"Mammalia","Equidae","Equus ferus","Equus","Perissodactyla","Chordata","ferus","equufer","wild","Land mammal"
"Mammalia","Equidae","Equus hydruntinus","Equus","Perissodactyla","Chordata","hydruntinus","equuhyd","wild","Land mammal"
"Mammalia","Equidae","Equus species","Equus","Perissodactyla","Chordata",NULL,"equuspe","wild/domestic","Land mammal"
"Mammalia","Equidae","Large equid","Equus","Perissodactyla","Chordata",NULL,"equuspl","wild","Land mammal"
"Mammalia","Erinaceidae","Erinaceus concolor","Erinaceus","Insectivora","Chordata","concolor","erincon","wild","Land mammal"
"Mammalia","Erinaceidae","Erinaceus europaeus","Erinaceus","Insectivora","Chordata","europaeus","erineur","wild","Land mammal"
"Mammalia","Erinaceidae","Erinaceus species","Erinaceus","Insectivora","Chordata",NULL,"erinspe","wild","Land mammal"
"Aves","Muscicapidae","Erithacus rubecula","Erithacus","Passeriformes","Chordata","rubecula","eritrub","wild","Bird"
"Actinopterygii","Esocidae","Esox lucius","Esox","Esociformes","Chordata","lucius","esoxluc","wild","Fish"
"Actinopterygii","Triglidae","Eutrigla gurnardus","Eutrigla","Scorpaeniformes","Chordata","gurnardus","eutrgur","wild","Fish"
"Aves",NULL,"Falconiformes ",NULL,"Falconiformes","Chordata",NULL,"falcind","wild","Bird"
"Aves","Falconidae","Falco peregrinus","Falco","Falconiformes","Chordata","peregrinus","falcper","wild","Bird"
"Aves","Falconidae","Falco species","Falco","Falconiformes","Chordata",NULL,"falcspe","wild","Bird"
"Aves","Falconidae","Falco tinnunculus","Falco","Falconiformes","Chordata","tinnunculus","falctin","wild","Bird"
"Mammalia","Felidae","Felis silvestris catus","Felis","Carnivora","Chordata","silvestris catus","felicat","wild","Land mammal"
"Mammalia","Felidae","Felidae small",NULL,"Carnivora","Chordata",NULL,"felinds","wild","Land mammal"
"Mammalia","Felidae","Felis silvestris","Felis","Carnivora","Chordata","silvestris","felisil","wild","Land mammal"
"Mammalia","Felidae","Felis species","Felis","Carnivora","Chordata",NULL,"felispe","wild/domestic","Land mammal"
"Aves","Alcidae","Fratercula arctica","Fratercula","Charadriiformes","Chordata","arctica","fratarc","wild","Bird"
"Aves","Fringillidae","Fringilla coelebs","Fringilla","Passeriformes","Chordata","coelebs","frincoe","wild","Bird"
"Aves","Rallidae","Fulicula atra","Fulicula","Gruiformes","Chordata","atra","fuliatr","wild","Bird"
"Aves","Procellariidae","Fulmarus glacialis","Fulmarus","Procellariiformes","Chordata","glacialis","fulmgla","wild","Bird"
"Actinopterygii","Gadidae","Gadidae ",NULL,"Gadiformes","Chordata",NULL,"gadiind","wild","Fish"
"Actinopterygii","Gadidae","Gadus morhua","Gadus","Gadiformes",NULL,"morhua","gadumor","wild","Fish"
"Chondrichthyes","Triakidae","Galeorhinus galeus","Galeorhinus","Carcharhiniformes","Chordata","galeus","galegal","wild","Fish"
"Aves","Rallidae","Gallinula chloropus","Gallinula","Gruiformes","Chordata","chloropus","gallchl","wild","Bird"
"Aves","Scolopacidae","Gallinago gallinago","Gallinago","Charadriiformes","Chordata","gallinago","gallgal","wild","Bird"
"Aves",NULL,"Galliformes ",NULL,"Galliformes","Chordata",NULL,"gallind","wild","Bird"
"Aves","Scolopacidae","Gallinago media","Gallinago","Charadriiformes","Chordata","media","gallmed","wild","Bird"
"Aves","Scolopacidae","Gallinago species","Gallinago","Charadriiformes","Chordata",NULL,"gallspe","wild","Bird"
"Aves","Corvidae","Garrulus glandarius","Garrulus","Passeriformes","Chordata","glandarius","garrgla","wild","Bird"
"Actinopterygii","Gasterosteidae","Gasterosteus aculeatus","Gasterosteus","Gasterosteiformes","Chordata","aculeatus","gastacu","wild","Fish"
"Actinopterygii","Gasterosteidae","Gasterosteidae ",NULL,"Gasterosteiformes","Chordata",NULL,"gastind","wild","Fish"
"Aves","Gaviidae","Gavia arctica","Gavia","Gaviiformes","Chordata","arctica","gaviarc","wild","Bird"
"Aves","Gaviidae","Gavia immer","Gavia","Gaviiformes","Chordata","immer","gaviimm","wild","Bird"
"Aves",NULL,"Gaviiformes ",NULL,"Gaviiformes","Chordata",NULL,"gaviind","wild","Bird"
"Aves","Gaviidae","Gavia species","Gavia","Gaviiformes","Chordata",NULL,"gavispe","wild","Bird"
"Aves","Gaviidae","Gavia stellata","Gavia","Gaviiformes","Chordata","stellata","gaviste","wild","Bird"
"Mammalia","Gliridae","Gliridae",NULL,"Rodentia","Chordata",NULL,"glirind","wild","Rodent"
"Mammalia","Gliridae","Glis glis","Glis","Rodentia","Chordata","glis","glisgli","wild","Rodent"
"Actinopterygii","Cyprinidae","Gobio gobio","Gobio","Cypriniformes","Chordata","gobio","gobigob","wild","Fish"
"Actinopterygii","Gobiidae","Gobiidae ",NULL,"Perciformes","Chordata",NULL,"gobiind","wild","Fish"
"Aves",NULL,"Gruiformes ",NULL,"Gruiformes","Chordata",NULL,"gruiind","wild","Bird"
"Aves","Gruidae","Grus grus","Grus","Gruiformes","Chordata","grus","grusgru","wild","Bird"
"Actinopterygii","Percidae","Gymnocephalus cernuus","Gymnocephalus","Perciformes","Chordata","cernuus","gymncer","wild","Fish"
"Aves","Haematopodidae","Haematopus ostralegus","Haematopus","Charadriiformes","Chordata","ostralegus","haemost","wild","Bird"
"Aves","Accipitridae","Haliaeetos albicilla","Haliaeetus","Falconiformes","Chordata","albicilla","halialb","wild","Bird"
"Mammalia","Phocidae","Halichoerus grypus","Halichoerus","Carnivora","Chordata","grypus","haligry","wild","Marine mammal"
"Actinopterygii","Pleuronectidae","Hippoglossus hippoglossus","Hippoglossus","Pleuronectiformes","Chordata","hippoglossus","hipphip","wild","Fish"
"Aves","Hirundinidae","Hirundo rustica","Hirundo","Passeriformes","Chordata","rustica","hirurus","wild","Bird"
"Actinopterygii","Labridae","Labrus bergylta","Labrus","Perciformes","Chordata","bergylta","labrber","wild","Fish"
"Actinopterygii","Labridae","Labridae ",NULL,"Perciformes","Chordata",NULL,"labrind","wild","Fish"
"Reptilia","Lacertidae","Lacerta species","Lacerta","Squamata","Chordata",NULL,"lacespe","wild","Reptile"
"Mammalia",NULL,"Lagomorpha",NULL,"Lagomorpha","Chordata",NULL,"lagoind","wild","Land mammal"
"Aves","Laridae","Laridae ",NULL,"Charadriiformes","Chordata",NULL,"lariind","wild","Bird"
"Aves","Laridae","Larus argentatus","Larus","Charadriiformes","Chordata","argentatus","laruarg","wild","Bird"
"Aves","Laridae","Larus canus","Larus","Charadriiformes","Chordata","canus","larucan","wild","Bird"
"Aves","Laridae","Larus marinus","Larus","Charadriiformes","Chordata","marinus","larumar","wild","Bird"
"Aves","Laridae","Larus ridibundus","Larus","Charadriiformes","Chordata","ridibundud","larurid","wild","Bird"
"Aves","Laridae","Larus species","Larus","Charadriiformes","Chordata",NULL,"laruspe","wild","Bird"
"Mammalia","Leporidae","Lepus capensis","Lepus","Lagomorpha","Chordata","capensis","lepucap","wild","Land mammal"
"Mammalia","Leporidae","Lepus europaeus","Lepus","Lagomorpha","Chordata","europaeus","lepueur","wild","Land mammal"
"Mammalia","Leporidae","Lepus species","Lepus","Lagomorpha","Chordata",NULL,"lepuspe","wild","Land mammal"
"Mammalia","Leporidae","Lepus timidus","Lepus","Lagomorpha","Chordata","timidus","leputim","wild","Land mammal"
"Actinopterygii","Cyprinidae","Leuciscus cephalus","Leuciscus","Cypriniformes","Chordata","cephalus","leuccep","wild","Fish"
"Actinopterygii","Cyprinidae","Leuciscus idus","Leuciscus","Cypriniformes","Chordata","idus","leucidu","wild","Fish"
"Actinopterygii","Cyprinidae","Leuciscus species","Leuciscus","Cypriniformes","Chordata",NULL,"leucspe","wild","Fish"
"Aves","Scolopacidae","Limosa lapponica","Limosa","Charadriiformes","Chordata","lapponica","limolap","wild","Bird"
"Aves","Scolopacidae","Limosa limosa","Limosa","Charadriiformes","Chordata","limosa","limolim","wild","Bird"
"Aves","Scolopacidae","Limosa species","Limosa","Charadriiformes","Chordata",NULL,"limospe","wild","Bird"
"Actinopterygii","Mugilidae","Liza ramada","Liza","Mugiliformes","Chordata","ramada","lizaram","wild","Fish"
"Actinopterygii","Mugilidae","Liza species","Liza","Mugiliformes","Chordata",NULL,"lizaspe","wild","Fish"
"Actinopterygii","Lotidae","Lota lota","Lota","Gadiformes","Chordata","lota","lotalot","wild","Fish"
"Actinopterygii","Lotidae","Lotidae ",NULL,"Gadiformes","Chordata",NULL,"lotiind","wild","Fish"
"Aves","Fringillidae","Loxia pytyopsittacus","Loxia","Passeriformes","Chordata","pytyopsittacus","loxipyt","wild","Bird"
"Actinopterygii","Percidae","Lucioperca lucioperca","Lucioperca","Perciformes","Chordata","lucioperca","luciluc","wild","Fish"
"Mammalia","Mustelidae","Lutra lutra","Lutra","Carnivora","Chordata","lutra","lutrlut","wild","Land mammal"
"Aves","Scolopacidae","Lymnocryptes minimus","Lymnocryptes","Charadriiformes","Chordata","minimus","lymnmin","wild","Bird"
"Mammalia","Felidae","Lynx lynx","Lynx","Carnivora","Chordata","lynx","lynxlyn","wild","Land mammal"
"Mammalia","Felidae","Lynx pardina","Lynx","Carnivora","Chordata","pardina","lynxpar","wild","Land mammal"
"Mammalia","Felidae","Lynx species","Lynx","Carnivora","Chordata",NULL,"lynxspe","wild","Land mammal"
"Aves","Phasianidae","Lyrurus tetrix","Lyrurus","Galliformes","Chordata","tetrix","lyrutet","wild","Bird"
"Malacostraca","Majidae","Maja squinado","Maia","Decapoda","Arthropoda","squinado","majasqu","wild","Crustacean"
"Malacostraca",NULL,"Malacostraca freshwater",NULL,NULL,"Arthropoda",NULL,"malindf","wild","Mollusc"
"Mammalia",NULL,"Mammalia large",NULL,NULL,"Chordata",NULL,"mamindl","wild/domestic","Land mammal"
"Mammalia",NULL,"Mammalia medium",NULL,NULL,"Chordata",NULL,"mamindm","wild/domestic","Land mammal"
"Mammalia",NULL,"Mammalia small",NULL,NULL,"Chordata",NULL,"maminds","wild/domestic","Land mammal"
"Mammalia",NULL,"Mammalia ",NULL,NULL,"Chordata",NULL,"mammind","wild/domestic","Land mammal"
"Mammalia","Sciuridae","Marmota marmota","Marmota","Rodentia","Chordata","marmota","marmmar","wild","Rodent"
"Mammalia","Mustelidae","Martes foina","Martes","Carnivora","Chordata","foina","martfoi","wild","Land mammal"
"Mammalia","Mustelidae","Martes martes","Martes","Carnivora","Chordata","martes","martmar","wild","Land mammal"
"Mammalia","Mustelidae","Martes species","Martes","Carnivora","Chordata",NULL,"martspe","wild","Land mammal"
"Actinopterygii","Gadidae","Melanogrammus aeglefinus","Melanogrammus","Gadiformes","Chordata","aeglefinus","melaaeg","wild","Fish"
"Aves","Anatidae","Melanitta fusca","Melanitta","Anseriformes","Chordata","fusca","melafus","wild","Bird"
"Aves","Anatidae","Melanitta nigra","Melanitta","Anseriformes","Chordata","nigra","melanig","wild","Bird"
"Mammalia","Mustelidae","Meles meles","Meles","Carnivora","Chordata","meles","melemel","wild","Land mammal"
"Aves","Anatidae","Mergus albellus","Mergus","Anseriformes","Chordata","albellus","mergalb","wild","Bird"
"Aves","Anatidae","Mergus merganser","Mergus","Anseriformes","Chordata","merganser","mergmer","wild","Bird"
"Aves","Anatidae","Mergus serrator","Mergus","Anseriformes","Chordata","serrator","mergser","wild","Bird"
"Actinopterygii","Gadidae","Merlangius merlangus","Merlangius","Gadiformes","Chordata","merlangus","merlmer","wild","Fish"
"Mammalia","Cricetidae","Microtus agrestis","Microtus","Rodentia","Chordata","agrestis","micragr","wild","Rodent"
"Mammalia","Cricetidae","Microtus arvalis","Microtus","Rodentia","Chordata","arvalis","micrarv","wild","Rodent"
"Mammalia","Microtidae","Microtidae ",NULL,"Rodentia","Chordata",NULL,"micrind","wild","Rodent"
"Mammalia","Muridae","Micromys minutus","Micromys","Rodentia","Chordata","minutus","micrmin","wild","Rodent"
"Mammalia","Cricetidae","Microtus oeconomus","Microtus","Rodentia","Chordata","oeconomus","microec","wild","Rodent"
"Mammalia","Cricetidae","Microtus species","Microtus","Rodentia","Chordata",NULL,"micrspe","wild","Rodent"
"Mammalia","Cricetidae","Microtus subterraneus","Microtus","Rodentia","Chordata","subterraneus","micrsub","wild","Rodent"
"Aves","Accipitridae","Milvus migrans","Milvus","Falconiformes","Chordata","migrans","milvmig","wild","Bird"
"Aves","Accipitridae","Milvus milvus","Milvus","Accipitriformes","Chordata","milvus","milvmil","wild","Bird"
NULL,NULL,"Mollusca freshwater",NULL,NULL,"Mollusca",NULL,"molindf","wild","Mollusc"
NULL,NULL,"Mollusca marine",NULL,NULL,"Mollusca",NULL,"molindm","wild","Mollusc"
NULL,NULL,"Mollusca terrestrial",NULL,NULL,"Mollusca",NULL,"molindt","wild","Mollusc"
NULL,NULL,"Mollusca ",NULL,NULL,"Mollusca",NULL,"mollind","wild","Mollusc"
"Actinopterygii","Lotidae","Molva molva","Molva","Gadiformes","Chordata","molva","molvmol","wild","Fish"
"Aves","Sulidae","Morus species","Morus","Pelecaniformes","Chordata",NULL,"moruspe","wild","Bird"
"Aves","Motacillidae","Motacilla alba","Motacilla","Passeriformes","Chordata","alba","motaalb","wild","Bird"
"Aves","Motacillidae","Motacilla flava","Motacilla","Passeriformes","Chordata","flava","motafla","wild","Bird"
"Actinopterygii","Mugilidae","Mugil curema","Mugil","Mugiliformes","Chordata","curema","mugicur","wild","Fish"
"Actinopterygii","Mugilidae","Mugilidae ",NULL,"Mugiliformes","Chordata",NULL,"mugiind","wild","Fish"
"Mammalia","Muridae","Muridae ",NULL,"Rodentia","Chordata",NULL,"muriind","wild","Rodent"
"Mammalia","Muridae","Mus musculus","Mus","Rodentia","Chordata","musculus","musmusc","wild","Rodent"
"Mammalia","Muridae","Mus species","Mus","Rodentia","Chordata",NULL,"musspec","wild/domestic","Rodent"
"Chondrichthyes","Triakidae","Mustela species","Mustela","Carcharhiniformes","Chordata",NULL,"mustelu","wild","Fish"
"Mammalia","Mustelidae","Mustela erminea","Mustela","Carnivora","Chordata","erminea","musterm","wild","Land mammal"
"Mammalia","Mustelidae","Mustelidae ",NULL,"Carnivora","Chordata",NULL,"mustind","wild","Land mammal"
"Mammalia","Mustelidae","Mustela nivalis","Mustela","Carnivora","Chordata","nivalis","mustniv","wild","Land mammal"
"Mammalia","Mustelidae","Mustela putorius","Mustela","Carnivora","Chordata","putorius","mustput","wild","Land mammal"
"Mammalia","Mustelidae","Mustela species","Mustela","Carnivora","Chordata",NULL,"mustspe","wild","Land mammal"
"Mammalia","Cricetidae","Myodes glareolus","Myodes","Rodentia","Chordata","glareolus","myodgla","wild","Rodent"
"Mammalia","Vespertilionidae","Myotis myotis","Myotis","Chiroptera","Chordata","myotis","myotmyo","wild","Bat"
"Actinopterygii","Cottidae","Myoxocephalus scorpius","Myoxocephalus","Scorpaeniformes","Chordata","scorpius","myoxsco","wild","Fish"
"Reptilia","Colubridae","Natrix natrix","Natrix","Squamata","Chordata","natrix","natrnat","wild","Reptile"
"Reptilia","Colubridae","Natrix species","Natrix","Squamata","Chordata",NULL,"natrspe","wild","Reptile"
"Mammalia","Soricidae","Neomys anomalus","Neomys","Soricomorpha","Chordata","anomalus","neomano","wild","Rodent"
"Mammalia","Soricidae","Neomys fodiens","Neomys","Soricomorpha","Chordata","fodiens","neomfod","wild","Rodent"
"Aves","Scolopacidae","Numenius arquata","Numenius","Charadriiformes","Chordata","arquata","numearq","wild","Bird"
"Aves","Scolopacidae","Numenius species","Numenius","Charadriiformes","Chordata",NULL,"numespe","wild","Bird"
"Aves","Anatidae","Nyroca ferina","Nyroca","Anseriformes","Chordata","ferina","nyrofer","wild","Bird"
"Mammalia","Leporidae","Oryctolagus cuniculus","Oryctolagus","Lagomorpha","Chordata","cuniculus","oryccun","wild","Land mammal"
"Actinopterygii","Osmeridae","Osmerus eperlanus","Osmerus","Osmeriformes","Chordata","eperlanus","osmeepe","wild","Fish"
"Aves","Otidae","Otis tarda","Otis","Gruiformes","Chordata","tarda","otistar","wild","Bird"
"Mammalia","Bovidae","Ovis aries","Ovis","Artiodactyla","Chordata","aries","ovisari","domestic","Land mammal"
"Mammalia","Bovidae","Ovis aries / Capra hircus","Ovis/Capra","Artiodactyla","Chordata",NULL,"oviscap","domestic","Land mammal"
"Mammalia","Bovidae","Ovis species","Ovis","Artiodactyla","Chordata",NULL,"ovisspe","wild/domestic","Land mammal"
"Aves","Pandionidae","Pandion haliaetus","Pandion","Falconiformes","Chordata","haliaetus","pandhal","wild","Bird"
"Aves","Paridae","Parus major","Parus","Passeriformes","Chordata","major","parumaj","wild","Bird"
"Aves","Passeridae","Passer domesticus","Passer","Passeriformes","Chordata","domesticus","passdom","wild","Bird"
"Aves",NULL,"Passeriformes ",NULL,"Passeriformes","Chordata",NULL,"passind","wild","Bird"
"Aves","Pelecanidae","Pelecanus crispus","Pelecanus","Pelecaniformes","Chordata","crispus","pelecri","wild","Bird"
"Aves",NULL,"Pelecaniformes ",NULL,"Pelecaniformes","Chordata",NULL,"peleind","wild","Bird"
"Pisces","Percidae","Perca fluviatilis","Perca","Perciformes","Chordata","fluviatilis","percflu","wild","Fish"
"Actinopterygii","Percidae","Percidae ",NULL,"Perciformes","Chordata",NULL,"percind","wild","Fish"
"Aves","Phasianidae","Perdix perdix","Perdix","Galliformes","Chordata","perdix","perdper","wild","Bird"
"Aves","Accipitridae","Pernis apivorus","Pernis","Falconiformes","Chordata","apivorus","pernapi","wild","Bird"
"Aves","Phalacrocoracidae","Phalacrocorax aristotelis","Phalacrocorax","Pelecaniformes","Chordata","aristotelis","phalari","wild","Bird"
"Aves","Phalacrocoracidae","Phalacrocorax carbo","Phalacrocorax","Pelecaniformes","Chordata","carbo","phalcar","wild","Bird"
"Aves","Phalacrocoracidae","Phalacrocorax species","Phalacrocorax","Pelecaniformes","Chordata",NULL,"phalspe","wild","Bird"
"Aves","Phasianidae","Phasianus species","Phasianinae","Galliformes","Chordata",NULL,"phasspe","wild","Bird"
"Aves","Scolopacidae","Philomachus pugnax","Philomachus","Charadriiformes","Chordata","pugnax","philpug","wild","Bird"
"Mammalia","Phocidae","Phoca groenlandica","Phoca","Carnivora","Chordata","groenlandica","phocgro","wild","Marine mammal"
"Mammalia",NULL,"Phoca hispida",NULL,NULL,NULL,NULL,"phochis","wild","Marine mammal"
"Mammalia","Phocidae","Phocidae ",NULL,"Pinnipedia","Chordata",NULL,"phocind","wild","Marine mammal"
"Mammalia","Phocoenidae","Phocoena phocoena","Phocoena","Cetacea","Chordata","phocoena","phocpho","wild","Marine mammal"
"Mammalia","Phocidae","Phoca species","Phoca","Carnivora","Chordata",NULL,"phocspe","wild","Marine mammal"
"Mammalia","Phocidae","Phoca vitulina","Phoca","Carnivora","Chordata","vitulina","phocvit","wild","Marine mammal"
"Aves","Muscicapidae","Phoenicurus phoenicurus","Phoenicurus","Passeriformes","Chordata","phoenicurus","phoepho","wild","Bird"
"Mammalia","Physeteridae","Physeter macrocephalus","Physeter","Cetacea","Chordata","macrocephalus","physmac","wild","Marine mammal"
"Aves","Corvidae","Pica pica","Pica","Passeriformes","Chordata","pica","picapic","wild","Bird"
"Aves",NULL,"Piciformes ",NULL,"Piciformes","Chordata",NULL,"piciind","wild","Bird"
"Aves","Alcidae","Pinguinus impennis","Pinguinus","Charadriiformes","Chordata","impennis","pingimp","wild","Bird"
"Pisces",NULL,"Pisces ",NULL,NULL,"Chordata",NULL,"piscind","wild","Fish"
"Pisces",NULL,"Pisces freshwater",NULL,NULL,"Chordata",NULL,"pisindf","wild","Fish"
"Pisces",NULL,"Pisces marine",NULL,NULL,"Chordata",NULL,"pisindm","wild","Fish"
"Mammalia","Cricetidae","Pitymys species","Pitymys","Rodentia","Chordata",NULL,"pityspe","wild","Rodent"
"Mammalia","Cricetidae","Pitymys subterraneus","Pitymys","Rodentia","Chordata","subterraneus","pitysub","wild","Rodent"
"Actinopterygii","Pleuronectidae","Platichthyus flesus","Platichthyus","Pleuronectiformes","Chordata","flesus","platfle","wild","Fish"
"Actinopterygii",NULL,"Pleuronectiformes",NULL,"Pleuronectiformes","Chordata",NULL,"pleind","wild","Fish"
"Actinopterygii","Pleuronectidae","Pleuronectes flesus","Pleuronectes","Pleuronectiformes","Chordata","flesus","pleufle","wild","Fish"
"Actinopterygii","Pleuronectidae","Pleuronectidae",NULL,"Pleuronectiformes","Chordata",NULL,"pleuind","wild","Fish"
"Actinopterygii","Pleuronectidae","Pleuronectes platessa","Pleuronectes","Pleuronectiformes","Chordata","platessa","pleupla","wild","Fish"
"Actinopterygii","Pleuronectidae","Pleuronectes species","Pleuronectes","Pleuronectiformes","Chordata",NULL,"pleuspe","wild","Fish"
NULL,"Charadriidae","Pluvialis species","Pluvialis","Charadriiformes","Chordata",NULL,"pluvspe","wild","Bird"
"Aves","Charadriidae","Pluvialis squatarola","Pluvialis","Charadriiformes","Chordata","squatarola","pluvsqu","wild","Bird"
"Aves","Podicipedidae","Podiceps cristatus","Podiceps","Podicipediformes","Chordata","cristatus","podicri","wild","Bird"
"Aves","Podicipedidae","Podiceps grisegena","Podiceps","Podicipediformes","Chordata","grisegena","podigri","wild","Bird"
"Aves","Podicipedidae","Podiceps ruficollis","Podiceps","Podicipediformes","Chordata","ruficollis","podiruf","wild","Bird"
"Aves","Podicipedidae","Podiceps species","Podiceps","Podicipediformes","Chordata",NULL,"podispe","wild","Bird"
"Actinopterygii","Gadidae","Pollachius pollachius","Pollachius","Gadiformes","Chordata","pollachius","pollpol","wild","Fish"
"Actinopterygii","Gadidae","Pollachius species","Pollachius","Gadiformes","Chordata",NULL,"pollspe","wild","Fish"
"Actinopterygii","Gadidae","Pollachius virens","Pollachius","Gadiformes","Chordata","virens","pollvir","wild","Fish"
"Actinopterygii","Gobiidae","Pomatoschistus microps","Pomatoschistus","Perciformes","Chordata","microps","pomamic","wild","Fish"
"Actinopterygii","Gobiidae","Pomatoschistus species","Pomatoschistus","Perciformes","Chordata",NULL,"pomaspe","wild","Fish"
"Aves","Rallidae","Porzana parva","Porzana","Gruiformes","Chordata","parva","porzpar","wild","Bird"
"Aves","Rallidae","Porzana porzana","Porzana","Gruiformes","Chordata","porzana","porzpor","wild","Bird"
"Aves","Rallidae","Porzana species","Porzana","Gruiformes","Chordata",NULL,"porzspe","wild","Bird"
"Aves","Procellariidae","Puffinus puffinus","Puffinus","Procellariiformes","Chordata","puffinus","puffpuf","wild","Bird"
"Aves","Procellariidae","Puffinus species","Puffinus","Procellariiformes","Chordata",NULL,"puffspe","wild","Bird"
"Mammalia","Phocidae","Pusa hispida","Pusa","Carnivora","Chordata","hispida","pusahis","wild","Marine mammal"
"Mammalia","Mustelidae","Putorius putorius","Putorius","Carnivora","Chordata","putorius","putoput","wild","Land mammal"
"Mammalia","Mustelidae","Putorius species","Putorius","Carnivora","Chordata",NULL,"putospe","wild","Land mammal"
"Aves","Fringillidae","Pyrrhula pyrrhula","Pyrrhula","Passeriformes","Chordata","pyrrhula","pyrpyrr","wild","Bird"
"Aves","Corvidae","Pyrrhocorax species","Pyrrhocorax","Passeriformes","Chordata",NULL,"pyrrspe","wild","Bird"
"Chondrichthyes","Rajidae","Raja clavata","Raja","Rajiformes","Chordata","clavata","rajacla","wild","Fish"
"Aves","Rallidae","Rallus aquaticus","Rallus","Gruiformes","Chordata","aquaticus","rallaqu","wild","Bird"
"Aves","Rallidae","Rallidae ",NULL,"Gruiformes","Chordata",NULL,"rallind","wild","Bird"
"Amphibia","Ranidae","Rana species","Rana","Anura","Chordata",NULL,"ranaspe","wild","Reptile"
"Amphibia","Ranidae","Rana temporaria","Rana","Anura","Chordata","temporaria","ranatem","wild","Reptile"
"Mammalia","Cervidae","Rangifer tarandus","Rangifer","Artiodactyla","Chordata","tarandus","rangtar","wild","Land mammal"
"Sauropsida",NULL,"Reptilia terrestrial",NULL,"Reptilia","Chordata",NULL,"repindt","wild","Reptile"
"Sauropsida",NULL,"Reptilia ",NULL,"Reptilia","Chordata",NULL,"reptind","wild","Reptile"
"Mammalia","Rhinolophidae","Rhinolophus species","Rhinolophus","Chiroptera","Chordata",NULL,"rhinspe","wild","Bat"
"Aves","Laridae","Rissa tridactyla","Rissa","Charadriiformes","Chordata","tridactyla","risstri","wild","Bird"
"Mammalia",NULL,"Rodentia ",NULL,"Rodentia","Chordata",NULL,"rodeind","wild/domestic","Rodent"
"Mammalia",NULL,"Ruminantia big",NULL,"Artiodactyla","Chordata",NULL,"rumindb","wild/domestic","Land mammal"
"Mammalia",NULL,"Ruminantia medium",NULL,"Artiodactyla","Chordata",NULL,"rumindm","wild/domestic","Land mammal"
"Mammalia",NULL,"Ruminantia small",NULL,"Artiodactyla","Chordata",NULL,"ruminds","wild/domestic","Land mammal"
"Mammalia","Bovidae","Rupicapra rupicapra","Rupicapra","Artiodactyla","Chordata","rupicapra","rupirup","wild","Land mammal"
"Actinopterygii","Cyprinidae","Rutilus frisii meidingeri","Rutilus","Cypriniformes","Chordata","frisii meidingeri","rutifri","wild","Fish"
"Actinopterygii","Cyprinidae","Rutilus rutilus","Rutilus","Cypriniformes","Chordata","rutilis","rutirut","wild","Fish"
"Actinopterygii","Cyprinidae","Rutilus species","Rutilus","Cypriniformes","Chordata",NULL,"rutispe","wild","Fish"
"Actinopterygii","Salmonidae","Salmonidae",NULL,"Salmoniformes","Chordata",NULL,"salmind","wild","Fish"
"Actinopterygii","Salmonidae","Salmo salar","Salmo","Salmoniformes","Chordata","salar","salmsal","wild","Fish"
"Actinopterygii","Salmonidae","Salmo species","Salmo","Salmoniformes","Chordata",NULL,"salmspe","wild","Fish"
"Actinopterygii","Salmonidae","Salmo trutta","Salmo","Salmoniformes","Chordata","trutta","salmtru","wild","Fish"
"Actinopterygii","Salmonidae","Salvelinus alpinus","Salvelinus","Salmoniformes","Chordata","alpinus","salvalp","wild","Fish"
"Actinopterygii","Percidae","Sander lucioperca","Sander","Perciformes","Chordata","lucioperca","sandluc","wild","Fish"
"Actinopterygii","Cyprinidae","Scardinius erythrophthalmus","Scardinius","Cypriniformes","Chordata","erythrophthalmus","scarery","wild","Fish"
"Mammalia","Sciuridae","Sciurus vulgaris","Sciurus","Rodentia","Chordata","vulgaris","sciuvul","wild","Rodent"
"Aves","Scolopacidae","Scolopax rusticola","Scolopax","Charadriiformes","Chordata","rusticola","scolrus","wild","Bird"
"Actinopterygii","Scombridae","Scomber scrombus","Scomber","Perciformes","Chordata","scrombus","scomscr","wild","Fish"
"Actinopterygii","Scophthalmidae","Scophthalmidae ",NULL,"Pleuronectiformes","Chordata",NULL,"scopind","wild","Fish"
"Actinopterygii","Scophthalmidae","Scophthalmus maximus","Scophthalmus","Pleuronectiformes","Chordata","maximus","scopmax","wild","Fish"
"Actinopterygii","Scophthalmidae","Scophthalmus ","Scophthalmus","Pleuronectiformes","Chordata",NULL,"scopspe","wild","Fish"
"Aves","Fringillidae","Serinus serinus","Serinus","Passeriformes","Chordata","serinus","seriser","wild","Bird"
"Pisces","Siluridae","Silurus glanis","Silurus","Siluriformes","Chordata","glanis","silugla","wild","Fish"
"Actinopterygii","Siluridae","Siluridae ",NULL,"Siluriformes","Chordata",NULL,"siluind","wild","Fish"
"Actinopterygii","Soleidae","Solea solea","Solea","Pleuronectiformes","Chordata","solea","solesol","wild","Fish"
"Aves","Anatidae","Somateria mollissima","Somateria","Anseriformes","Chordata","mollissima","somamol","wild","Bird"
"Mammalia","Soricidae","Sorex araneus","Sorex","Soricomorpha","Chordata","araneus","soreara","wild","Rodent"
"Mammalia","Soricidae","Sorex minutus","Sorex","Soricomorpha","Chordata","minutus","soremin","wild","Rodent"
"Mammalia","Soricidae","Sorex species","Sorex","Soricomorpha","Chordata",NULL,"sorespe","wild","Rodent"
"Chondrichthyes","Squalidae","Squalus acanthias","Squalus","Squaliformes","Chordata","acanthias","squaaca","wild","Fish"
"Actinopterygii","Cyprinidae","Squalius cephalus","Squalius","Cypriniformes","Chordata","cephalus","squacep","wild","Fish"
"Reptilia",NULL,"Squamata ",NULL,"Squamata","Chordata",NULL,"squaind","wild","Reptile"
"Aves","Sternidae","Sterna sandvicensis","Sterna","Charadriiformes","Chordata","sandvicensis","stersan","wild","Bird"
"Aves","Stercorariidae","Stercorarius skua","Stercorarius","Charadriiformes","Chordata","skua","stersku","wild","Bird"
"Aves","Stercorariidae","Stercorarius species","Stercorarius","Charadriiformes","Chordata",NULL,"sterspe","wild","Bird"
"Aves","Sternidae","Sterna species","Sterna","Charadriiformes","Chordata",NULL,"stespec","wild","Bird"
"Actinopterygii","Percidae","Stizostedion lucioperca","Stizostedion","Perciformes","Chordata","lucioperca","stizluc","wild","Fish"
"Aves","Strigidae","Strix aluco","Strix","Strigiformes","Chordata","aluco","strialu","wild","Bird"
"Aves",NULL,"Strigiformes ",NULL,"Strigiformes","Chordata",NULL,"striind","wild","Bird"
"Aves","Strigidae","Strix species","Strix","Strigiformes","Chordata",NULL,"strispe","wild","Bird"
"Aves","Strigidae","Strix uralensis","Strix","Strigiformes","Chordata","uralensis","striura","wild","Bird"
"Aves","Sturnidae","Sturnus vulgaris","Sturnus","Passeriformes","Chordata","vulgaris","sturvul","wild","Bird"
"Aves","Sulidae","Sula bassana","Sula","Pelecaniformes","Chordata","bassana","sulabas","wild","Bird"
"Mammalia","Suidae","Sus scrofa domesticus","Sus","Artiodactyla","Chordata","scrofa domesticus","susscrd","domestic","Land mammal"
"Mammalia","Suidae","Sus scrofa ferus","Sus","Artiodactyla","Chordata","scrofa ferus","susscrf","wild","Land mammal"
"Mammalia","Suidae","Sus species","Sus","Artiodactyla","Chordata",NULL,"susspec","wild/domestic","Land mammal"
"Mammalia","Suidae","Sus species","Sus","Artiodactyla","Chordata",NULL,"sussw-d","wild & domestic","Land mammal"
"Aves","Sylviidae","Sylviidae ",NULL,"Passeriformes","Chordata",NULL,"sylvind","wild","Bird"
"Actinopterygii","Syngnathidae","Syngnathidae ",NULL,"Syngnathiformes","Chordata",NULL,"syngind","wild","Fish"
"Aves","Podicipedidae","Tachybaptus ruficollis","Tachybaptus","Podicipediformes","Chordata","ruficollis","tachruf","wild","Bird"
"Aves","Anatidae","Tadorna tadorna","Tadorna","Anseriformes","Chordata","tadorna","tadotad","wild","Bird"
"Mammalia","Talpidae","Talpa caeca","Talpa","Soricomorpha","Chordata","caeca","talpcae","wild","Rodent"
"Mammalia","Talpidae","Talpa europaea","Talpa","Soricomorpha","Chordata","europaea","talpeur","wild","Rodent"
"Mammalia","Talpidae","Talpa species","Talpa","Soricomorpha","Chordata",NULL,"talpspe","wild","Rodent"
"Sauropsida",NULL,"Testudines",NULL,"Testudines","Chordata",NULL,"testind","wild","Reptile"
"Sauropsida","Testudinidae","Testudo species","Testudo","Testudines","Chordata",NULL,"testspe","wild","Reptile"
"Aves","Phasianidae","Tetrastes bonasia","Tetrastes","Galliformes","Chordata","bonasia","tetrbon","wild","Bird"
"Aves","Tetraonidae","Tetrao tetrix","Tetrao","Galliformes","Chordata","tetrix","tetrtet","wild","Bird"
"Aves","Tetraonidae","Tetrao urogallus","Tetrao","Galliformes","Chordata","urogallus","tetruro","wild","Bird"
"Actinopterygii","Salmonidae","Thymallus thymallus","Thymallus","Salmoniformes","Chordata","thymallus","thymthy","wild","Fish"
"Actinopterygii","Cyprinidae","Tinca tinca","Tinca","Cypriniformes","Chordata","tinca","tinctin","wild","Fish"
"Actinopterygii","Trachinidae","Trachinus draco","Trachinus","Perciformes","Chordata","draco","tracdra","wild","Fish"
"Actinopterygii","Carangidae","Trachurus trachurus","Trachurus","Perciformes","Chordata","trachurus","tractra","wild","Fish"
"Actinopterygii","Triglidae","Triglidae ",NULL,"Scorpaeniformes","Chordata",NULL,"trigind","wild","Fish"
"Actinopterygii","Triglidae","Trigla lucerna","Trigla","Scorpaeniformes","Chordata","lucerna","trigluc","wild","Fish"
"Aves","Scolopacidae","Tringa erythropus","Tringa","Charadriiformes","Chordata","erythropus","trinery","wild","Bird"
"Aves","Scolopacidae","Tringa species","Tringa","Charadriiformes","Chordata",NULL,"trinspe","wild","Bird"
"Actinopterygii","Gadidae","Trisopterus species","Trisopterus","Gadiformes","Chordata",NULL,"trisspe","wild","Fish"
"Aves","Troglodytidae","Troglodytes troglodytes","Troglodytes","Passeriformes","Chordata","troglodytes","trogtro","wild","Bird"
"Aves","Turdidae","Turdus iliacus","Turdus","Passeriformes","Chordata","iliacus","turdili","wild","Bird"
"Aves","Turdidae","Turdus merula","Turdus","Passeriformes","Chordata","merula","turdmer","wild","Bird"
"Aves","Turdidae","Turdus philomelos","Turdus","Passeriformes","Chordata","philomelos","turdphi","wild","Bird"
"Aves","Turdidae","Turdus pilaris","Turdus","Passeriformes","Chordata","pilaris","turdpil","wild","Bird"
"Aves","Turdidae","Turdus species","Turdus","Passeriformes","Chordata",NULL,"turdspe","wild","Bird"
"Aves","Turdidae","Turdus viscivorus","Turdus","Passeriformes","Chordata","viscivorus","turdvis","wild","Bird"
"Mammalia","Delphinidae","Tursiops truncatus","Tursiops","Cetacea","Chordata","truncatus","turstru","wild","Marine mammal"
"Aves","Tytonidae","Tyto alba","Tyto","Strigiformes","Chordata","alba","tytoalb","wild","Bird"
"Aves","Tytonidae","Tytonidae species",NULL,"Strigiformes","Chordata",NULL,"tytospe","wild","Bird"
"Bivalvia","Unionidae","Unio pictorum","Unio","Unionoida","Mollusca","pictorum","uniopic","wild","Mollusc"
"Bivalvia","Unionidae","Unio species","Unio","Unionoida","Mollusca",NULL,"uniospe","wild","Mollusc"
"Aves","Alcidae","Uria aalge","Uria","Charadriiformes","Chordata","aalge","uriaaal","wild","Bird"
"Mammalia","Ursidae","Ursus arctos","Ursus","Carnivora","Chordata","arctos","ursuarc","wild","Land mammal"
"Mammalia","Ursidae","Ursus species","Ursus","Carnivora","Chordata",NULL,"ursuspe","wild","Land mammal"
"Aves","Charadriidae","Vanellus vanellus","Vanellus","Charadriiformes","Chordata","vanellus","vanevan","wild","Bird"
"Mammalia","Vespertilionidae","Vespertilio murinus","Vespertilio","Chiroptera","Chordata","murinus","vespmur","wild","Bat"
"Actinopterygii","Cyprinidae","Vimba vimba","Vimba","Cypriniformes","Chordata","vimba","vimbvim","wild","Fish"
"Reptilia","Serpentes","Vipera aspis","Vipera","Squamata","Chordata","aspis","vipeasp","wild","Reptile"
"Mammalia","Canidae","Vulpes vulpes","Vulpes","Carnivora","Chordata","vulpes","vulpvul","wild","Land mammal"
"Reptilia","Colubridae","Zamenis longissimus","Zamenis","Squamata","Chordata","longissimus","zamelon","wild","Reptile"
"Actinopterygii","Zoarcidae","Zoarces viviparus","Zoarces","Perciformes","Chordata","viviparus","zoarviv","wild","Fish"
